"Country","Code","1996","1998","2000","2002","2003","2004","2005","2006","2007","2008","2009...13","2009...14","2010","2011","2012","2013","2014","2015","2016","2017","2018","2019","2020","2021","AverageStabilityIndex"
"Aruba","ABW",NA,NA,NA,NA,NA,0.993218183517456,1.37641596794128,1.30346059799194,1.28656852245331,1.3163959980011,1.12155425548553,0.311091840267181,0.301820993423462,0.294137328863144,0.267991930246353,0.279365241527557,0.235650628805161,0.241163447499275,0.244329184293747,0.254883855581284,0.25183629989624,0.271389871835709,0.270814150571823,0.27579003572464,0.573572543890853
"Andorra","AND",1.16952216625214,1.18287515640259,1.16698145866394,1.28276693820953,1.46513116359711,1.40210604667664,1.38492727279663,1.34965407848358,1.34201574325562,1.33847212791443,1.29713952541351,0.341262251138687,0.352399289608002,0.360775291919708,0.317384898662567,0.347427368164062,0.29147407412529,0.280070930719376,0.290933132171631,0.315330505371094,0.29657855629921,0.28803214430809,0.285638898611069,0.28867644071579,0.768232310811679
"Afghanistan","AFG",-2.41730952262878,-2.42735457420349,-2.43896889686584,-2.03503370285034,-2.19837236404419,-2.29568219184875,-2.06750988960266,-2.21913456916809,-2.4133734703064,-2.69136095046997,-2.71142148971558,0.293007612228394,0.282069832086563,0.273884326219559,0.243881538510323,0.245741248130798,0.208894610404968,0.215604156255722,0.219707995653152,0.228036016225815,0.227101787924767,0.2413479834795,0.245315119624138,0.247811526060104,-0.947629911204179
"Angola","AGO",-2.06191730499268,-2.31805849075317,-2.03817391395569,-1.5761798620224,-1.0073858499527,-1.0631206035614,-0.885178327560425,-0.539453446865082,-0.666658759117126,-0.361787378787994,-0.34759184718132,0.251998424530029,0.243547096848488,0.244249582290649,0.233037114143372,0.231508240103722,0.20011305809021,0.210538491606712,0.21616667509079,0.218148753046989,0.21937420964241,0.218295738101006,0.223476082086563,0.215016067028046,-0.414168177172542
"Anguilla","AIA",NA,NA,NA,NA,NA,0.788184821605682,1.18966603279114,1.10479998588562,1.08573806285858,1.11250960826874,0.868718087673187,0.348480731248856,0.349873960018158,0.335981905460358,0.301696002483368,0.324702829122543,0.259938985109329,0.274313002824783,0.276124715805054,0.28873285651207,0.280583202838898,0.313929110765457,0.315609365701675,0.322618782520294,0.533800107868094
"Albania","ALB",-0.336625128984451,-0.544004201889038,-0.539989590644836,-0.297719180583954,-0.309780240058899,-0.427259683609009,-0.505047976970673,-0.508157312870026,-0.203974649310112,-0.0305009130388498,-0.0451405122876167,0.26473930478096,0.260473906993866,0.250866293907166,0.221984326839447,0.228019788861275,0.196386188268661,0.202983424067497,0.207795679569244,0.215949967503548,0.215236961841583,0.233014643192291,0.236120238900185,0.239415779709816,-0.0323005369088302
"Caribbean Netherlands","BES",NA,NA,NA,NA,NA,0.685668110847473,0.816166162490845,1.10479998588562,1.08573806285858,1.11250960826874,0.868718087673187,0.348480731248856,0.349873960018158,0.335981905460358,0.301696002483368,0.393689393997192,NA,NA,NA,NA,NA,NA,NA,NA,0.673029273748398
"United Arab Emirates","ARE",0.964015007019043,0.871309280395508,0.975434422492981,0.937275111675262,0.994650185108185,0.768757998943329,0.875413298606873,0.923421084880829,0.975391387939453,0.696017920970917,0.919041454792023,0.246055126190186,0.243547096848488,0.238522350788116,0.21966552734375,0.225787356495857,0.192247405648232,0.198164418339729,0.204956501722336,0.211722627282143,0.211090251803398,0.227150216698647,0.229722216725349,0.233612805604935,0.532623793929815
"Argentina","ARG",0.111376881599426,-0.134649589657784,0.0958238765597343,-0.776545405387878,-0.359838128089905,-0.610934913158417,-0.0417749434709549,0.00196776282973588,0.0977966338396072,-0.0877556875348091,-0.234854578971863,0.241539120674133,0.239330947399139,0.238522350788116,0.21966552734375,0.225787356495857,0.192247405648232,0.198164418339729,0.204956501722336,0.211722627282143,0.211090251803398,0.227150216698647,0.229722216725349,0.233612805604935,0.0389218189617774
"Armenia","ARM",-0.364998608827591,-0.662787318229675,-0.68286794424057,-0.255784124135971,0.236966237425804,-0.116337485611439,-0.0663353949785233,-0.261023759841919,0.150905832648277,-0.00685302773490548,0.227863356471062,0.26473930478096,0.260473906993866,0.25491926074028,0.226807355880737,0.231508240103722,0.20011305809021,0.206814810633659,0.212601110339165,0.221277728676796,0.22028312087059,0.238514930009842,0.241320118308067,0.24469156563282,0.050950511416886
"American Samoa","ASM",NA,NA,NA,NA,NA,0.7369264960289,0.746284067630768,0.703987658023834,0.967931151390076,0.984463036060333,0.945724666118622,0.370833456516266,0.39340415596962,0.411335080862045,0.34492501616478,0.393689393997192,0.29147407412529,0.310120493173599,0.320921510457993,0.352203905582428,0.309305429458618,0.317559719085693,0.342520415782928,0.328609555959702,0.503801014862562
"Antigua & Barbuda","ATG",0.717076897621155,0.728511989116669,0.713235020637512,0.792559921741486,0.865690112113953,1.08463561534882,0.830512523651123,0.799820721149445,0.802670180797577,0.81389182806015,0.721793532371521,0.323601871728897,0.320087254047394,0.306695103645325,0.282746523618698,0.297252923250198,0.238057717680931,0.245949938893318,0.248026862740517,0.258104801177979,0.254123270511627,0.278495520353317,0.277125179767609,0.280120998620987,0.520032762860258
"Australia","AUS",1.39611268043518,1.06650125980377,1.33396470546722,1.18941462039948,0.878117203712463,0.935463547706604,0.8917076587677,0.934466600418091,0.928874909877777,0.954700112342834,0.855120599269867,0.241539120674133,0.239330947399139,0.238522350788116,0.21966552734375,0.225787356495857,0.192247405648232,0.198164418339729,0.204956501722336,0.206274390220642,0.207029983401299,0.20948238670826,0.214171290397644,0.210783064365387,0.590516610071063
"Austria","AUT",1.41046285629272,1.11060059070587,0.822056412696838,1.35895538330078,0.962002456188202,1.08964920043945,1.10395002365112,1.07445085048676,1.284419298172,1.33927059173584,1.19087398052216,0.241539120674133,0.239330947399139,0.238522350788116,0.21966552734375,0.225787356495857,0.192247405648232,0.198164418339729,0.204956501722336,0.211722627282143,0.211090251803398,0.227150216698647,0.229722216725349,0.233612805604935,0.650841807946563
"Azerbaijan","AZE",-0.828929543495178,-0.702288448810577,-0.829794764518738,-1.18536496162415,-0.948100388050079,-1.05981111526489,-1.12481939792633,-1.09268236160278,-0.62599641084671,-0.330349981784821,-0.277853518724442,0.246055126190186,0.243547096848488,0.244249582290649,0.226807355880737,0.231508240103722,0.20011305809021,0.206814810633659,0.212601110339165,0.221277728676796,0.22028312087059,0.238514930009842,0.241320118308067,0.24469156563282,-0.251175293698907
"Burundi","BDI",-2.11674880981445,-2.29753232002258,-2.01407074928284,-2.28477239608765,-2.24483132362366,-2.52275967597961,-1.52337801456451,-1.42777347564697,-1.377925157547,-1.63649833202362,-1.27144265174866,0.283778816461563,0.273786127567291,0.26718533039093,0.236767888069153,0.242341712117195,0.207291051745415,0.215962037444115,0.221377477049828,0.23054464161396,0.22863906621933,0.247475668787956,0.251161903142929,0.253675937652588,-0.731572718669971
"Belgium","BEL",1.28849947452545,1.02412986755371,1.12981116771698,1.26080238819122,0.85823780298233,0.709136724472046,0.79377418756485,0.856375813484192,0.757325053215027,0.620571196079254,0.820824682712555,0.241539120674133,0.239330947399139,0.238522350788116,0.21966552734375,0.225787356495857,0.192247405648232,0.198164418339729,0.204956501722336,0.211722627282143,0.211090251803398,0.227150216698647,0.229722216725349,0.233612805604935,0.541375004375974
"Benin","BEN",1.05037176609039,0.742279052734375,0.799652576446533,0.82151585817337,0.679285824298859,0.265973478555679,0.449746280908585,0.547892570495605,0.386217623949051,0.376421362161636,0.40366667509079,0.261115193367004,0.254323482513428,0.254974603652954,0.236767888069153,0.242341712117195,0.213396906852722,0.215962037444115,0.221377477049828,0.23054464161396,0.22863906621933,0.247475668787956,0.251161903142929,0.247811526060104,0.401204798991481
"Burkina Faso","BFA",-0.300746202468872,-0.112211242318153,0.059820331633091,-0.306921243667603,0.0671200677752495,-0.0812375172972679,-0.0626529157161713,0.155799552798271,0.307008683681488,0.118724599480629,0.0340402871370316,0.246055126190186,0.243547096848488,0.244249582290649,0.221984326839447,0.228019788861275,0.196386188268661,0.206500440835953,0.211121112108231,0.219056755304337,0.218907311558723,0.233014643192291,0.236120238900185,0.239415779709816,0.117630116331081
"Bangladesh","BGD",-0.548815250396729,-0.37074676156044,-0.726261258125305,-1.03259038925171,-1.1155811548233,-1.36047637462616,-1.86383938789368,-1.50709736347198,-1.54307162761688,-1.50833129882812,-1.54677140712738,0.246055126190186,0.243547096848488,0.240677565336227,0.221984326839447,0.228019788861275,0.196386188268661,0.202983424067497,0.207795679569244,0.215949967503548,0.215236961841583,0.233014643192291,0.236120238900185,0.239415779709816,-0.424849811941385
"Bulgaria","BGR",-0.0910280793905258,0.575025260448456,0.377964615821838,0.467512369155884,0.173525497317314,0.00363073358312249,0.14727059006691,0.394421190023422,0.357635468244553,0.369860708713531,0.353678971529007,0.241539120674133,0.239330947399139,0.238522350788116,0.21966552734375,0.225787356495857,0.192247405648232,0.198164418339729,0.204956501722336,0.211722627282143,0.211090251803398,0.227150216698647,0.229722216725349,0.233612805604935,0.250125378001637
"Bahrain","BHR",-0.307817906141281,-0.162360101938248,0.0562669634819031,0.290830373764038,0.483918994665146,0.313402563333511,0.0141627388074994,-0.365050613880157,-0.247773513197899,-0.237366229295731,-0.137239441275597,0.246055126190186,0.243547096848488,0.244249582290649,0.226807355880737,0.231508240103722,0.20011305809021,0.206814810633659,0.212601110339165,0.224623799324036,0.224222540855408,0.238514930009842,0.241320118308067,0.238506376743317,0.111660748914195
"Bahamas","BHS",1.07101774215698,1.08732557296753,1.2795318365097,0.955541908740997,0.826347827911377,0.890613675117493,0.93814343214035,0.810453712940216,0.730122447013855,0.774532914161682,0.859580457210541,0.272184789180756,0.267576217651367,0.260717630386353,0.242201656103134,0.247866421937943,0.210570260882378,0.211409375071526,0.215112432837486,0.223510086536407,0.223443955183029,0.238545432686806,0.236120238900185,0.239415779709816,0.554661908497413
"Bosnia & Herzegovina","BIH",-0.594427824020386,-0.586415469646454,-0.52839332818985,-0.163837283849716,-0.405683517456055,0.0173193961381912,-0.500624358654022,-0.441336750984192,-0.631416618824005,-0.539653778076172,-0.665914297103882,0.283778816461563,0.273786127567291,0.273884326219559,0.231296643614769,0.238348826766014,0.208894610404968,0.211610317230225,0.2159673422575,0.224537506699562,0.223011434078217,0.2413479834795,0.245315119624138,0.247811526060104,-0.0800330520917972
"Belarus","BLR",0.0937392041087151,0.109475560486317,0.139502242207527,0.302805960178375,0.693029940128326,0.161766871809959,0.360231071710587,0.148469686508179,0.34100878238678,0.521403908729553,0.489347755908966,0.272184789180756,0.267576217651367,0.260717630386353,0.227814823389053,0.23446649312973,0.201554611325264,0.206500440835953,0.211121112108231,0.219056755304337,0.218907311558723,0.233014643192291,0.236120238900185,0.239415779709816,0.266217992951473
"Belize","BLZ",0.559152126312256,0.596629977226257,0.184220716357231,0.417992562055588,0.486082047224045,0.401561915874481,0.104911744594574,0.0819770395755768,0.194921582937241,0.190071985125542,0.0284302048385143,0.293007612228394,0.282069832086563,0.26718533039093,0.254446119070053,0.261302709579468,0.214125439524651,0.221209540963173,0.224217087030411,0.233072683215141,0.232179343700409,0.247509732842445,0.245315119624138,0.247811526060104,0.269558499101549
"Bermuda","BMU",0.717076897621155,0.728511989116669,0.713235020637512,0.792559921741486,0.851720035076141,0.893765926361084,0.819073557853699,0.77465146780014,0.771330535411835,0.795972287654877,0.693532228469849,0.348480731248856,0.349873960018158,0.335981905460358,0.301696002483368,0.324702829122543,0.259938985109329,0.274313002824783,0.276124715805054,0.28873285651207,0.280583202838898,0.313929110765457,0.315609365701675,0.322618782520294,0.522667304923137
"Bolivia","BOL",-0.134768322110176,-0.241092368960381,-0.23706117272377,-0.286515563726425,-0.83488517999649,-0.680570840835571,-0.971029877662659,-0.802562952041626,-0.852070689201355,-0.696565806865692,-0.506110489368439,0.246055126190186,0.243547096848488,0.240677565336227,0.221984326839447,0.228019788861275,0.196386188268661,0.202983424067497,0.207795679569244,0.219056755304337,0.218907311558723,0.233014643192291,0.236120238900185,0.239415779709816,-0.137886222451925
"Brazil","BRA",-0.220460131764412,-0.339505791664124,0.18410162627697,0.327800273895264,0.00421393429860473,-0.275992810726166,-0.263379752635956,-0.294911116361618,-0.3579480946064,-0.313424706459045,0.163664221763611,0.241539120674133,0.239330947399139,0.238522350788116,0.21966552734375,0.225787356495857,0.192247405648232,0.198164418339729,0.204956501722336,0.206274390220642,0.207029983401299,0.20948238670826,0.214171290397644,0.210783064365387,0.0592546831467189
"Barbados","BRB",1.05037176609039,1.08426582813263,1.15119981765747,1.09719908237457,0.918948590755463,1.09435272216797,1.11291885375977,0.91321188211441,1.04420638084412,1.06835830211639,1.04774069786072,0.283778816461563,0.273786127567291,0.26718533039093,0.246398240327835,0.252466678619385,0.212399378418922,0.221209540963173,0.220245540142059,0.233072683215141,0.232179343700409,0.247509732842445,0.245315119624138,0.247811526060104,0.615255499258637
"Brunei","BRN",1.23704397678375,1.11163866519928,1.30202329158783,1.15553212165833,1.14442586898804,1.36943471431732,1.21265983581543,1.12335515022278,1.10710692405701,1.12561905384064,1.38712668418884,0.26473930478096,0.260473906993866,0.25491926074028,0.235229834914207,0.240286439657211,0.210570260882378,0.215748459100723,0.212601110339165,0.221277728676796,0.22028312087059,0.238514930009842,0.241320118308067,0.24469156563282,0.680692596981923
"Bhutan","BTN",0.724004507064819,0.539632081985474,0.491936683654785,0.693675577640533,0.918948590755463,1.17205035686493,1.28448736667633,1.26451897621155,0.56852650642395,0.720669388771057,0.803496658802032,0.293007612228394,0.282069832086563,0.273884326219559,0.254446119070053,0.252466678619385,0.212399378418922,0.221596121788025,0.225992307066917,0.235753208398819,0.238550364971161,0.254131972789764,0.251161903142929,0.253675937652588,0.517961769054333
"South Sudan","SSD",NA,NA,NA,NA,NA,NA,NA,NA,NA,NA,NA,NA,NA,0.420065194368362,0.39456307888031,0.373758584260941,0.230930730700493,0.244581609964371,0.2496467679739,0.259824097156525,0.25527036190033,0.27844700217247,0.285638898611069,0.28867644071579,0.298309342427687
"Botswana","BWA",1.01524519920349,0.955491304397583,1.07435250282288,0.87326443195343,1.10493755340576,0.916688740253448,1.06357252597809,1.01710987091064,1.05613911151886,1.03310561180115,0.953861236572266,0.246055126190186,0.243547096848488,0.244249582290649,0.221984326839447,0.228019788861275,0.196386188268661,0.202983424067497,0.211597949266434,0.220212817192078,0.219544723629951,0.238545432686806,0.236120238900185,0.233612805604935,0.583609482894341
"Central African Republic","CAF",-1.21172964572906,-1.14174938201904,-1.12044250965118,-1.73340618610382,-1.53887343406677,-1.42424488067627,-1.42799496650696,-1.85155153274536,-1.85726404190063,-1.84381413459778,-1.90398991107941,0.268250793218613,0.260921776294708,0.260776847600937,0.243881538510323,0.250124245882034,0.213396906852722,0.220212399959564,0.225411683320999,0.234336346387863,0.233053222298622,0.247475668787956,0.251161903142929,0.253675937652588,-0.578849223131935
"Canada","CAN",1.23405170440674,0.950881242752075,1.16752684116364,1.21803176403046,1.05307674407959,0.87644749879837,0.828725039958954,1.03495657444,1.00701069831848,1.0413726568222,1.12707591056824,0.241539120674133,0.239330947399139,0.238522350788116,0.21966552734375,0.225787356495857,0.192247405648232,0.198164418339729,0.204956501722336,0.211722627282143,0.211090251803398,0.227150216698647,0.229722216725349,0.233612805604935,0.600527850911021
"Switzerland","CHE",1.45682156085968,1.43966126441956,1.57881200313568,1.54236817359924,1.24610948562622,1.22733986377716,1.19678211212158,1.26811742782593,1.23440885543823,1.22224521636963,1.30772125720978,0.241539120674133,0.239330947399139,0.241997882723808,0.224335819482803,0.229172840714455,0.195739418268204,0.201724588871002,0.20956327021122,0.216736346483231,0.21584390103817,0.232236564159393,0.234502270817757,0.238506376743317,0.735067356998722
"Chile","CHL",0.676454544067383,0.0332812815904617,0.485464155673981,1.08879637718201,0.761611938476562,0.691341698169708,0.842383623123169,0.613005876541138,0.406370878219604,0.431912958621979,0.602584421634674,0.241539120674133,0.239330947399139,0.238522350788116,0.21966552734375,0.225787356495857,0.192247405648232,0.198164418339729,0.204956501722336,0.211722627282143,0.211090251803398,0.227150216698647,0.229722216725349,0.233612805604935,0.396113312492768
"China","CHN",-0.0978488251566887,-0.394105225801468,-0.20991687476635,-0.327627182006836,-0.56535792350769,-0.39068067073822,-0.501756608486176,-0.540030121803284,-0.500553727149963,-0.49308842420578,-0.451781332492828,0.241539120674133,0.239330947399139,0.238522350788116,0.21966552734375,0.225787356495857,0.192247405648232,0.198164418339729,0.204956501722336,0.211722627282143,0.211090251803398,0.227150216698647,0.229722216725349,0.210783064365387,-0.0675860379512111
"Côte d’Ivoire","CIV",0.0334169194102287,-0.203814625740051,-1.24080407619476,-1.91973388195038,-1.80326271057129,-2.11492109298706,-2.25952887535095,-1.86186838150024,-1.83957278728485,-1.80406737327576,-1.32086253166199,0.246055126190186,0.243547096848488,0.244249582290649,0.221984326839447,0.228019788861275,0.196386188268661,0.202983424067497,0.207795679569244,0.219056755304337,0.218907311558723,0.233014643192291,0.236120238900185,0.239415779709816,-0.558228478146096
"Cameroon","CMR",-0.956391930580139,-0.784960150718689,-0.564015805721283,-0.677264809608459,-0.429470658302307,-0.359356343746185,-0.182024568319321,-0.244705229997635,-0.32610896229744,-0.552110910415649,-0.474782139062881,0.246055126190186,0.243547096848488,0.240677565336227,0.221984326839447,0.228019788861275,0.196386188268661,0.202983424067497,0.207795679569244,0.215949967503548,0.215236961841583,0.233014643192291,0.236120238900185,0.239415779709816,-0.109333530068398
"Congo - Brazzaville","COG",-1.22494494915009,-1.50108397006989,-0.922982037067413,-1.58716797828674,-1.17022037506104,-1.19059777259827,-1.16583943367004,-0.923411786556244,-0.771577417850494,-0.721322357654572,-0.250487625598907,0.251998424530029,0.249322861433029,0.24933560192585,0.233037114143372,0.238264307379723,0.205589711666107,0.210538491606712,0.21616667509079,0.224623799324036,0.224222540855408,0.238514930009842,0.241320118308067,0.239415779709816,-0.350303556149205
"Cook Islands","COK",NA,NA,NA,NA,NA,NA,NA,NA,NA,NA,1.14409899711609,0.723480880260468,0.612967491149902,NA,NA,NA,NA,NA,NA,NA,0.73339056968689,0.478504240512848,0.512416422367096,0.441379100084305,0.663748243025371
"Colombia","COL",-1.64785850048065,-1.79392170906067,-1.60896074771881,-1.95671439170837,-2.37602686882019,-2.27122640609741,-2.05794286727905,-1.90479671955109,-1.80652725696564,-1.85346233844757,-1.83234584331512,0.241539120674133,0.239330947399139,0.238522350788116,0.21966552734375,0.225787356495857,0.192247405648232,0.198164418339729,0.204956501722336,0.211722627282143,0.211090251803398,0.227150216698647,0.229722216725349,0.233612805604935,-0.759844662621617
"Comoros","COM",0.507538914680481,0.564976453781128,0.022758649662137,0.40204930305481,-0.673140525817871,-0.163161784410477,-0.43626394867897,-0.360273152589798,-1.0954577922821,-1.10721170902252,-0.765267729759216,0.323601871728897,0.320087254047394,0.360775291919708,0.282746523618698,0.297252923250198,0.238057717680931,0.252857983112335,0.2496467679739,0.259824097156525,0.25527036190033,0.27844700217247,0.285638898611069,0.28867644071579,0.0245595755210767
"Cape Verde","CPV",1.03555142879486,1.11396324634552,1.22359979152679,0.729621529579163,0.918948590755463,1.03930127620697,0.754638612270355,0.962325036525726,0.877260088920593,0.81338632106781,0.818449318408966,0.293007612228394,0.273786127567291,0.300698131322861,0.246398240327835,0.252466678619385,0.227504342794418,0.221596121788025,0.225992307066917,0.235753208398819,0.233822792768478,0.254131972789764,0.251161903142929,0.253675937652588,0.56487669236958
"Costa Rica","CRI",0.753051400184631,0.90372896194458,0.868542313575745,1.06869447231293,0.595756590366364,0.631576538085938,0.708228170871735,0.736050128936768,0.582772672176361,0.359765231609344,0.587060391902924,0.26473930478096,0.260473906993866,0.25491926074028,0.226807355880737,0.231508240103722,0.196386188268661,0.202983424067497,0.207795679569244,0.215949967503548,0.215236961841583,0.233014643192291,0.236120238900185,0.239415779709816,0.449190742646654
"Cuba","CUB",0.231270432472229,0.00787538941949606,0.248432531952858,0.263644099235535,0.316652774810791,0.355422109365463,0.424785822629929,0.474477261304855,0.45094159245491,0.524226605892181,0.356679856777191,0.251998424530029,0.249322861433029,0.24933560192585,0.233037114143372,0.238264307379723,0.205589711666107,0.210538491606712,0.21616667509079,0.224623799324036,0.224222540855408,0.238514930009842,0.241320118308067,0.24469156563282,0.278418109092551
"Cayman Islands","CYM",0.717076897621155,0.728511989116669,0.713235020637512,0.792559921741486,0.851720035076141,1.23474931716919,1.18966603279114,1.10479998588562,1.08573806285858,1.11250960826874,1.09262681007385,0.311091840267181,0.301820993423462,0.294137328863144,0.296924620866776,0.319759637117386,0.258382558822632,0.264421731233597,0.273738324642181,0.295411795377731,0.281393319368362,0.271389871835709,0.270814150571823,0.27579003572464,0.597427912056446
"Cyprus","CYP",0.387751519680023,0.222172737121582,0.51749986410141,0.199420601129532,0.532275915145874,0.380177587270737,0.517519235610962,0.53966498374939,0.537055730819702,0.639003932476044,0.390287488698959,0.246055126190186,0.243547096848488,0.244249582290649,0.226807355880737,0.231508240103722,0.20011305809021,0.206814810633659,0.212601110339165,0.216736346483231,0.21584390103817,0.232236564159393,0.234502270817757,0.233612805604935,0.325310744345188
"Czechia","CZE",1.14775800704956,0.899568974971771,0.332739621400833,1.04410064220428,0.887058138847351,0.653875827789307,0.936384081840515,1.05372881889343,1.0154139995575,1.04987955093384,0.90582937002182,0.241539120674133,0.239330947399139,0.238522350788116,0.21966552734375,0.225787356495857,0.192247405648232,0.198164418339729,0.204956501722336,0.211722627282143,0.211090251803398,0.227150216698647,0.229722216725349,0.233612805604935,0.533327032501499
"Germany","DEU",1.28849947452545,1.24214780330658,1.41133570671082,1.09601747989655,0.577859222888947,0.638884365558624,0.888915359973907,1.02506959438324,0.995823800563812,0.943830788135529,0.859902501106262,0.241539120674133,0.239330947399139,0.238522350788116,0.21966552734375,0.225787356495857,0.192247405648232,0.198164418339729,0.204956501722336,0.211722627282143,0.211090251803398,0.227150216698647,0.229722216725349,0.233612805604935,0.576741576815645
"Djibouti","DJI",-0.339192003011703,-0.964446723461151,-0.241125971078873,-0.313102960586548,-0.91280323266983,-0.344115853309631,-0.812229692935944,-0.262578547000885,-0.123644053936005,0.268389225006104,0.494239002466202,0.293007612228394,0.282069832086563,0.273884326219559,0.254446119070053,0.261302709579468,0.218982502818108,0.226195111870766,0.230289086699486,0.23981237411499,0.238550364971161,0.254131972789764,0.251161903142929,0.253675937652588,-0.0113792065531015
"Dominica","DMA",0.717076897621155,0.728511989116669,0.486361712217331,0.547456383705139,0.672486364841461,0.94515073299408,0.829529404640198,0.909698367118835,0.787364065647125,0.911906003952026,0.665553092956543,0.323601871728897,0.320087254047394,0.306695103645325,0.282746523618698,0.297252923250198,0.238057717680931,0.245949938893318,0.248026862740517,0.258104801177979,0.254123270511627,0.278495520353317,0.277125179767609,0.280120998620987,0.492145124201973
"Denmark","DNK",1.44196474552155,1.43196630477905,1.5010689496994,1.5242440700531,1.20381569862366,1.08433735370636,1.07349538803101,1.0467928647995,1.1181892156601,1.06538677215576,1.00118267536163,0.241539120674133,0.239330947399139,0.241997882723808,0.21966552734375,0.225787356495857,0.192247405648232,0.198164418339729,0.204956501722336,0.211722627282143,0.211090251803398,0.227150216698647,0.229722216725349,0.233612805604935,0.68205963820219
"Dominican Republic","DOM",-0.0756602957844734,-0.416316986083984,0.0129473777487874,0.118558995425701,-0.419894456863403,-0.344310492277145,-0.258760690689087,-0.109803065657616,-0.0785724595189095,-0.0380077101290226,-0.00273510301485658,0.246055126190186,0.243547096848488,0.240677565336227,0.221984326839447,0.228019788861275,0.196386188268661,0.202983424067497,0.207795679569244,0.215949967503548,0.215236961841583,0.233014643192291,0.236120238900185,0.239415779709816,0.0547763291785183
"Algeria","DZA",-1.78331053256989,-1.87890470027924,-1.43257737159729,-1.63456511497498,-1.75440907478333,-1.35918843746185,-0.913666009902954,-1.1264134645462,-1.15058553218842,-1.09584629535675,-1.19691348075867,0.246055126190186,0.243547096848488,0.244249582290649,0.226807355880737,0.231508240103722,0.20011305809021,0.206814810633659,0.212601110339165,0.221277728676796,0.22028312087059,0.238514930009842,0.241320118308067,0.239415779709816,-0.514744664852818
"Ecuador","ECU",-0.770033240318298,-0.162388324737549,-0.572284936904907,-0.759720921516418,-0.961056590080261,-0.842910349369049,-0.793961822986603,-0.853825330734253,-0.815987229347229,-0.728682398796082,-0.673675775527954,0.246055126190186,0.243547096848488,0.244249582290649,0.221984326839447,0.228019788861275,0.201554611325264,0.202983424067497,0.207795679569244,0.215949967503548,0.215236961841583,0.233014643192291,0.236120238900185,0.239415779709816,-0.208274987215797
"Egypt","EGY",-0.526031970977783,-0.0207697190344334,0.0497975237667561,-0.414172112941742,-0.640924513339996,-0.822401702404022,-0.629358649253845,-0.837807655334473,-0.552382111549377,-0.510431706905365,-0.607227087020874,0.246055126190186,0.243547096848488,0.244249582290649,0.221984326839447,0.228019788861275,0.196386188268661,0.202983424067497,0.211121112108231,0.215949967503548,0.215236961841583,0.233014643192291,0.236120238900185,0.239415779709816,-0.107401061182221
"Eritrea","ERI",-0.936975657939911,-0.970755875110626,-0.768895208835602,-0.267155766487122,-0.719599485397339,-0.639386832714081,-0.79501748085022,-0.900216937065125,-1.04984796047211,-0.710803747177124,-0.680884718894958,0.293007612228394,0.282069832086563,0.273884326219559,0.254446119070053,0.261302709579468,0.218982502818108,0.226195111870766,0.225411683320999,0.234336346387863,0.233053222298622,0.247475668787956,0.251161903142929,0.253675937652588,-0.216022362311681
"Spain","ESP",0.17475751042366,0.132018834352493,0.459468245506287,0.438226073980331,-0.047485888004303,-0.0905463024973869,0.19302661716938,-0.150648653507233,-0.276731640100479,-0.383085459470749,-0.474599570035934,0.241539120674133,0.239330947399139,0.238522350788116,0.21966552734375,0.225787356495857,0.192247405648232,0.198164418339729,0.204956501722336,0.211722627282143,0.211090251803398,0.227150216698647,0.229722216725349,0.233612805604935,0.118662979764243
"Estonia","EST",0.767924547195435,0.657050669193268,0.902080297470093,0.927854418754578,0.894786238670349,0.703926205635071,0.605274677276611,0.736678242683411,0.634109556674957,0.571973562240601,0.567619025707245,0.241539120674133,0.239330947399139,0.238522350788116,0.21966552734375,0.225787356495857,0.192247405648232,0.198164418339729,0.204956501722336,0.211722627282143,0.211090251803398,0.227150216698647,0.229722216725349,0.233612805604935,0.451782882834474
"Ethiopia","ETH",-1.05474293231964,-0.632266759872437,-0.946032106876373,-1.22584557533264,-1.40960443019867,-1.31249165534973,-1.69038331508636,-1.74013221263885,-1.80640935897827,-1.73212063312531,-1.64107227325439,0.246055126190186,0.243547096848488,0.240677565336227,0.221984326839447,0.228019788861275,0.196386188268661,0.202983424067497,0.207795679569244,0.215949967503548,0.215236961841583,0.233014643192291,0.236120238900185,0.239415779709816,-0.510996436079343
"Finland","FIN",1.41271877288818,1.47338783740997,1.72011208534241,1.7531840801239,1.6870174407959,1.61962687969208,1.59494686126709,1.50111103057861,1.48869705200195,1.44586837291718,1.45967149734497,0.241539120674133,0.239330947399139,0.241997882723808,0.21966552734375,0.225787356495857,0.192247405648232,0.198164418339729,0.204956501722336,0.211722627282143,0.211090251803398,0.227150216698647,0.229722216725349,0.233612805604935,0.834722049534321
"Fiji","FJI",0.830568552017212,0.856274604797363,0.301403164863586,0.473941057920456,0.452653437852859,0.389960020780563,0.386921286582947,-0.0340580493211746,0.0618767961859703,-0.0669486746191978,-0.272885650396347,0.323601871728897,0.320087254047394,0.306695103645325,0.282746523618698,0.297252923250198,0.238057717680931,0.252857983112335,0.256322026252747,0.256623119115829,0.254854470491409,0.254322975873947,0.257272809743881,0.248574525117874,0.288707327097654
"France","FRA",0.887499451637268,0.698888778686523,0.785089075565338,0.924183249473572,0.179551064968109,0.345115303993225,0.399723917245865,0.595505774021149,0.563000798225403,0.543759167194366,0.512012898921967,0.241539120674133,0.239330947399139,0.238522350788116,0.21966552734375,0.225787356495857,0.192247405648232,0.198164418339729,0.204956501722336,0.211722627282143,0.211090251803398,0.227150216698647,0.229722216725349,0.233612805604935,0.387826717769106
"Micronesia (Federated States of)","FSM",NA,NA,NA,NA,0.629589557647705,1.0036598443985,1.13408243656158,1.13184082508087,1.15046548843384,1.16868185997009,1.28746926784515,0.323601871728897,0.320087254047394,0.306695103645325,0.282746523618698,0.297252923250198,0.238057717680931,0.252857983112335,0.256322026252747,0.267349362373352,0.254854470491409,0.254322975873947,0.257272809743881,0.248574525117874,0.553289241343737
"Gabon","GAB",0.125683024525642,0.32502093911171,0.640210628509521,0.410248696804047,0.29903855919838,0.408170908689499,0.325625747442245,0.220006227493286,0.30284458398819,0.261874705553055,0.140438765287399,0.251998424530029,0.249322861433029,0.24933560192585,0.226807355880737,0.231508240103722,0.20011305809021,0.206814810633659,0.212601110339165,0.224623799324036,0.224222540855408,0.238514930009842,0.241320118308067,0.24469156563282,0.269209883486231
"United Kingdom","GBR",0.981364369392395,0.930068552494049,1.03310573101044,0.672591328620911,0.27125072479248,0.140847533941269,0.124187760055065,0.667080104351044,0.574654936790466,0.492879867553711,0.121949501335621,0.241539120674133,0.239330947399139,0.238522350788116,0.21966552734375,0.225787356495857,0.192247405648232,0.198164418339729,0.204956501722336,0.206274390220642,0.207029983401299,0.20948238670826,0.214171290397644,0.210783064365387,0.367413964743416
"Georgia","GEO",-1.57057857513428,-1.63890290260315,-0.812726557254791,-1.19204139709473,-1.29921066761017,-0.864118158817291,-0.755904912948608,-0.966098785400391,-0.645898997783661,-0.91967511177063,-0.965524911880493,0.283778816461563,0.273786127567291,0.26718533039093,0.231296643614769,0.238348826766014,0.2031569480896,0.211610317230225,0.2159673422575,0.224537506699562,0.223011434078217,0.2413479834795,0.245315119624138,0.247811526060104,-0.355146960665782
"Ghana","GHA",-0.234503835439682,-0.136477410793304,-0.35938173532486,-0.15993432700634,0.0291865784674883,0.0407909713685513,0.16971929371357,0.00639618607237935,-0.0730612650513649,-0.0295159611850977,0.0278358180075884,0.246055126190186,0.243547096848488,0.240677565336227,0.221984326839447,0.228019788861275,0.196386188268661,0.202983424067497,0.207795679569244,0.215949967503548,0.215236961841583,0.233014643192291,0.236120238900185,0.239415779709816,0.0920100458315574
"Guinea","GIN",-1.15093290805817,-0.586954712867737,-1.90759003162384,-1.42116582393646,-0.78889536857605,-1.03338360786438,-1.15397679805756,-1.90892851352692,-2.40334820747375,-2.09733891487122,-2.116455078125,0.272184789180756,0.267576217651367,0.260717630386353,0.226807355880737,0.231508240103722,0.20011305809021,0.206814810633659,0.21616667509079,0.224623799324036,0.224222540855408,0.238514930009842,0.241320118308067,0.239415779709816,-0.56329100082318
"Gambia","GMB",0.559609055519104,0.675648868083954,0.533818602561951,0.826159775257111,0.322430104017258,0.164906054735184,0.200640663504601,-0.0341241136193275,0.0474123023450375,0.0651512742042542,0.12231682240963,0.26473930478096,0.260473906993866,0.283523261547089,0.235229834914207,0.240286439657211,0.204697266221046,0.211746737360954,0.216678589582443,0.225870758295059,0.224907666444778,0.244456872344017,0.241320118308067,0.239415779709816,0.274054831049095
"Guinea-Bissau","GNB",-1.54001665115356,-1.86076724529266,-0.349449872970581,-0.726157307624817,-0.494184494018555,-0.378061443567276,-0.562525928020477,-0.494073361158371,-0.460553705692291,-0.709455966949463,-0.665870845317841,0.296177357435226,0.299358755350113,0.332165271043777,0.266220301389694,0.277903288602829,0.227360591292381,0.238508448004723,0.24296547472477,0.253187835216522,0.250108271837234,0.274167776107788,0.271404176950455,0.275638103485107,-0.197331298763553
"Equatorial Guinea","GNQ",-0.131352260708809,-0.0805978253483772,-0.0350389443337917,-0.514396369457245,0.114630743861198,-0.0594780258834362,-0.386098802089691,0.168790400028229,0.256654739379883,0.20754437148571,0.373302400112152,0.293007612228394,0.282069832086563,0.273884326219559,0.254446119070053,0.261302709579468,0.218982502818108,0.226195111870766,0.230289086699486,0.23981237411499,0.238550364971161,0.254131972789764,0.251161903142929,0.253675937652588,0.132977928345402
"Greece","GRC",0.553863883018494,0.771396815776825,0.808356404304504,0.872591853141785,0.477636367082596,0.489336252212524,0.50652414560318,0.630432784557343,0.523507833480835,0.267854154109955,-0.208124294877052,0.241539120674133,0.239330947399139,0.241997882723808,0.21966552734375,0.225787356495857,0.192247405648232,0.198164418339729,0.204956501722336,0.211722627282143,0.211090251803398,0.227150216698647,0.229722216725349,0.233612805604935,0.357098478203018
"Grenada","GRD",0.91466349363327,0.954443454742432,1.01925766468048,0.92341160774231,0.885519981384277,0.879427552223206,0.415122240781784,0.391092598438263,0.384942293167114,0.387722581624985,0.39220854640007,0.323601871728897,0.320087254047394,0.306695103645325,0.282746523618698,0.297252923250198,0.238057717680931,0.245949938893318,0.248026862740517,0.258104801177979,0.254123270511627,0.278495520353317,0.277125179767609,0.280120998620987,0.464924999202291
"Greenland","GRL",NA,NA,NA,NA,NA,NA,NA,NA,NA,NA,1.51885330677032,0.572973251342773,0.515575528144836,0.389416813850403,0.393094092607498,0.369716912508011,0.372380465269089,0.358792304992676,0.35336846113205,0.347133755683899,0.373349666595459,0.352926552295685,0.334826856851578,0.33296462893486,0.470383756927082
"Guatemala","GTM",-1.01341414451599,-0.669719815254211,-0.768333911895752,-0.834293127059937,-0.774796605110168,-0.808034837245941,-0.835618197917938,-0.735238790512085,-0.753424942493439,-0.713971555233002,-0.925672590732574,0.246055126190186,0.243547096848488,0.240677565336227,0.221984326839447,0.228019788861275,0.196386188268661,0.202983424067497,0.207795679569244,0.215949967503548,0.215236961841583,0.233014643192291,0.236120238900185,0.239415779709816,-0.246055488785108
"French Guiana","GUF",0.038409136235714,0.0469674617052078,0.0326152145862579,0.30235281586647,0.313361704349518,0.173084646463394,0.206954106688499,0.0471818223595619,0.0552620999515057,0.071662425994873,0.302413433790207,0.326683729887009,0.301820993423462,0.294137328863144,0.267991930246353,0.279365241527557,0.235650628805161,0.241163447499275,0.244329184293747,0.254883855581284,0.25183629989624,0.271389871835709,0.270814150571823,0.27579003572464,0.212755065256109
"Guam","GUM",NA,NA,NA,NA,NA,0.634409844875336,0.746284067630768,0.703987658023834,0.431097239255905,0.441606163978577,0.401251554489136,0.370833456516266,0.39340415596962,0.335981905460358,0.301696002483368,0.324702829122543,0.259938985109329,0.274313002824783,0.276124715805054,0.28873285651207,0.271252512931824,0.271622538566589,0.278520792722702,0.269270271062851,0.38289634491268
"Guyana","GUY",-0.266413539648056,0.123369120061398,-0.48681977391243,-0.561520338058472,-0.436319321393967,-0.554896175861359,-0.454965949058533,-0.734118461608887,-0.559686779975891,-0.633931934833527,-0.62998104095459,0.26473930478096,0.260473906993866,0.25491926074028,0.235229834914207,0.240286439657211,0.204697266221046,0.207640126347542,0.215112432837486,0.223510086536407,0.223443955183029,0.238545432686806,0.236120238900185,0.239415779709816,-0.0896312554056446
"Hong Kong SAR China","HKG",0.576565086841583,0.701060175895691,0.935157179832458,0.908920228481293,0.947880446910858,1.14497804641724,1.33629047870636,1.1909122467041,1.10401487350464,1.13101947307587,0.965701699256897,0.25938680768013,0.265753149986267,0.278900504112244,0.245286226272583,0.260376870632172,0.217278182506561,0.222372263669968,0.238563805818558,0.247091427445412,0.239056274294853,0.218837350606918,0.256355106830597,0.253313601016998,0.58937797943751
"Honduras","HND",-0.470392346382141,0.0296584647148848,-0.0785963833332062,-0.252441436052322,-0.379858076572418,-0.391061931848526,-0.623264193534851,-0.66790372133255,-0.43703019618988,-0.527115523815155,-0.308192104101181,0.246055126190186,0.243547096848488,0.244249582290649,0.226807355880737,0.231508240103722,0.196386188268661,0.202983424067497,0.207795679569244,0.215949967503548,0.215236961841583,0.233014643192291,0.236120238900185,0.239415779709816,-0.0486302985033641
"Croatia","HRV",-0.0383590497076511,0.0678859651088715,0.28022488951683,0.628807723522186,0.558495879173279,0.686754405498505,0.43447408080101,0.560829281806946,0.60539698600769,0.573651909828186,0.612926959991455,0.259138554334641,0.255335241556168,0.248428449034691,0.21966552734375,0.225787356495857,0.192247405648232,0.198164418339729,0.204956501722336,0.211722627282143,0.211090251803398,0.227150216698647,0.229722216725349,0.233612805604935,0.328671275172383
"Haiti","HTI",-0.756698846817017,-0.942441284656525,-0.628624498844147,-1.25585794448853,-1.31542313098907,-1.98454308509827,-1.80439794063568,-1.39154350757599,-1.31972801685333,-1.38310325145721,-0.957430124282837,0.251998424530029,0.249322861433029,0.244249582290649,0.226807355880737,0.231508240103722,0.20011305809021,0.206814810633659,0.21616667509079,0.221277728676796,0.22028312087059,0.238514930009842,0.241320118308067,0.239415779709816,-0.447999956086278
"Hungary","HUN",1.00668895244598,1.21940362453461,0.918442904949188,1.26067221164703,1.13186395168304,0.82829761505127,1.00310039520264,0.985676109790802,0.747096717357635,0.750263869762421,0.536816298961639,0.241539120674133,0.239330947399139,0.241997882723808,0.21966552734375,0.225787356495857,0.192247405648232,0.198164418339729,0.204956501722336,0.211722627282143,0.211090251803398,0.227150216698647,0.229722216725349,0.233612805604935,0.552721247076988
"Indonesia","IDN",-1.13137912750244,-1.73167061805725,-1.99520063400269,-1.58324420452118,-2.09539484977722,-1.90860557556152,-1.5181759595871,-1.41766691207886,-1.19806575775146,-1.05679154396057,-0.751153647899628,0.241539120674133,0.239330947399139,0.238522350788116,0.21966552734375,0.225787356495857,0.192247405648232,0.198164418339729,0.204956501722336,0.211722627282143,0.211090251803398,0.227150216698647,0.229722216725349,0.233612805604935,-0.563076545173923
"India","IND",-0.972584128379822,-1.20082128047943,-1.00120759010315,-1.21066498756409,-1.50999701023102,-1.28043293952942,-1.01388049125671,-1.06518423557281,-1.15429580211639,-1.10970735549927,-1.35554790496826,0.241539120674133,0.239330947399139,0.238522350788116,0.21966552734375,0.225787356495857,0.192247405648232,0.198164418339729,0.204956501722336,0.211722627282143,0.211090251803398,0.227150216698647,0.229722216725349,0.210783064365387,-0.41765173835059
"Ireland","IRL",1.34345364570618,1.51291000843048,1.58410012722015,1.50421679019928,1.34845769405365,1.17082571983337,1.29866683483124,1.19241058826447,1.21519267559052,1.18687438964844,1.05736601352692,0.241539120674133,0.239330947399139,0.241997882723808,0.224335819482803,0.229172840714455,0.195739418268204,0.201724588871002,0.20956327021122,0.216736346483231,0.21584390103817,0.232236564159393,0.234502270817757,0.233612805604935,0.722117094323039
"Iran","IRN",-0.324623703956604,-0.693391084671021,-0.727548360824585,-0.773440599441528,-0.779733180999756,-0.761824309825897,-0.782738864421844,-1.04084002971649,-0.931640446186066,-0.939874708652496,-1.56424200534821,0.251998424530029,0.243547096848488,0.240677565336227,0.221984326839447,0.228019788861275,0.196386188268661,0.202983424067497,0.207795679569244,0.215949967503548,0.215236961841583,0.233014643192291,0.236120238900185,0.239415779709816,-0.266115300357342
"Iraq","IRQ",-1.81737661361694,-1.53380000591278,-1.73264276981354,-1.60128676891327,-2.39324522018433,-3.18035173416138,-2.68864846229553,-2.82640218734741,-2.77105069160461,-2.46689653396606,-2.17470788955688,0.282444268465042,0.267576217651367,0.260717630386353,0.233037114143372,0.238264307379723,0.205589711666107,0.210538491606712,0.21616667509079,0.224623799324036,0.224222540855408,0.238514930009842,0.241320118308067,0.24469156563282,-0.920779229452213
"Iceland","ISL",1.32520198822021,1.37710535526276,1.57533061504364,1.62029254436493,1.51723217964172,1.45700466632843,1.44469714164734,1.45382654666901,1.48559415340424,1.21502387523651,1.1908872127533,0.26473930478096,0.255335241556168,0.252362549304962,0.224335819482803,0.229172840714455,0.195739418268204,0.201724588871002,0.20956327021122,0.216736346483231,0.21584390103817,0.232236564159393,0.234502270817757,0.238506376743317,0.776374782125155
"Israel","ISR",-1.15118622779846,-1.12271451950073,-1.04199123382568,-1.46213829517365,-1.51878440380096,-1.32268130779266,-1.24752271175385,-1.2592887878418,-1.25203287601471,-1.32310199737549,-1.62521064281464,0.241539120674133,0.239330947399139,0.241997882723808,0.224335819482803,0.229172840714455,0.195739418268204,0.201724588871002,0.20956327021122,0.216736346483231,0.21584390103817,0.232236564159393,0.234502270817757,0.238506376743317,-0.475225985671083
"Italy","ITA",1.11038541793823,1.192702293396,0.916669428348541,0.838429808616638,0.431488335132599,0.269257694482803,0.489115536212921,0.5307337641716,0.446970045566559,0.547544240951538,0.346905887126923,0.241539120674133,0.239330947399139,0.238522350788116,0.21966552734375,0.225787356495857,0.192247405648232,0.198164418339729,0.204956501722336,0.211722627282143,0.211090251803398,0.227150216698647,0.229722216725349,0.233612805604935,0.416404758269588
"Jamaica","JAM",0.110229268670082,0.083308145403862,0.186396479606628,-0.208229526877403,-0.384524792432785,-0.34566855430603,-0.298737347126007,-0.320163667201996,-0.256037086248398,-0.307299733161926,-0.363817691802979,0.26473930478096,0.260473906993866,0.250866293907166,0.221984326839447,0.228019788861275,0.196386188268661,0.202983424067497,0.207795679569244,0.215949967503548,0.215236961841583,0.233014643192291,0.236120238900185,0.239415779709816,0.0361850832899412
"Jordan","JOR",-0.0449785143136978,0.0752126201987267,0.000209700621780939,-0.456774443387985,-0.0737013816833496,-0.234758883714676,-0.132929384708405,-0.762317538261414,-0.300741791725159,-0.370714008808136,-0.356457054615021,0.241539120674133,0.239330947399139,0.238522350788116,0.21966552734375,0.225787356495857,0.192247405648232,0.198164418339729,0.204956501722336,0.206274390220642,0.207029983401299,0.20948238670826,0.214171290397644,0.210783064365387,0.00625016929613291
"Japan","JPN",1.16188979148865,1.24767482280731,1.19755268096924,1.17602252960205,1.0271201133728,1.02831530570984,1.03576946258545,1.13833451271057,1.01037454605103,0.894625246524811,0.976251900196075,0.241539120674133,0.239330947399139,0.238522350788116,0.21966552734375,0.225787356495857,0.192247405648232,0.198164418339729,0.204956501722336,0.211722627282143,0.211090251803398,0.227150216698647,0.229722216725349,0.233612805604935,0.615310110772649
"Kazakhstan","KAZ",-0.367461204528809,0.194383829832077,0.0900903418660164,0.358549177646637,0.356259912252426,0.0703879743814468,0.190631836652756,0.207937806844711,0.647996783256531,0.626638472080231,0.776816248893738,0.241539120674133,0.239330947399139,0.243252038955688,0.21966552734375,0.225787356495857,0.192247405648232,0.198164418339729,0.204956501722336,0.206274390220642,0.207029983401299,0.20948238670826,0.214171290397644,0.210783064365387,0.248538150452077
"Kenya","KEN",-0.656428635120392,-0.907693862915039,-1.06835269927979,-1.18801403045654,-1.26386892795563,-1.08735477924347,-1.25050592422485,-1.12698328495026,-1.30544221401215,-1.39361536502838,-1.42558062076569,0.246055126190186,0.243547096848488,0.240677565336227,0.221984326839447,0.228019788861275,0.196386188268661,0.202983424067497,0.207795679569244,0.215949967503548,0.215236961841583,0.233014643192291,0.236120238900185,0.239415779709816,-0.406110564867655
"Kyrgyzstan","KGZ",-0.17433962225914,-0.166477471590042,-0.182534769177437,-0.614730596542358,-1.09949171543121,-1.18346691131592,-1.1744259595871,-1.38557076454163,-0.990260481834412,-0.567302405834198,-0.622969388961792,0.283778816461563,0.273786127567291,0.262529581785202,0.240249395370483,0.247961595654488,0.207958623766899,0.216902300715446,0.220245540142059,0.22246190905571,0.222733974456787,0.225127995014191,0.226637542247772,0.221035704016685,-0.212090040867527
"Cambodia","KHM",-1.10455310344696,-1.26492917537689,-0.776030659675598,-0.72216534614563,-0.652008533477783,-0.407748281955719,-0.393915474414825,-0.345979183912277,-0.363606303930283,-0.298690915107727,-0.560373842716217,0.261115193367004,0.254323482513428,0.250919014215469,0.231296643614769,0.238348826766014,0.2031569480896,0.211610317230225,0.2159673422575,0.224537506699562,0.223011434078217,0.2413479834795,0.245315119624138,0.247811526060104,-0.160051645090183
"Kiribati","KIR",NA,NA,NA,NA,1.16978526115417,1.1569436788559,1.38492727279663,1.34965407848358,1.34201574325562,1.33847212791443,1.4026106595993,0.323601871728897,0.320087254047394,0.360775291919708,0.317384898662567,0.347427368164062,0.261565506458282,0.280070930719376,0.290933132171631,0.315330505371094,0.29657855629921,0.290828615427017,0.305126041173935,0.292944461107254,0.657353162765503
"St. Kitts & Nevis","KNA",NA,NA,NA,NA,1.16978526115417,1.36335968971252,1.28212440013885,1.20838665962219,0.802670180797577,0.920431792736053,1.09165251255035,0.323601871728897,0.320087254047394,0.306695103645325,0.282746523618698,0.297252923250198,0.238057717680931,0.245949938893318,0.248026862740517,0.258104801177979,0.254123270511627,0.278495520353317,0.277125179767609,0.280120998620987,0.572439923137426
"South Korea","KOR",0.566771447658539,0.513872742652893,0.398045033216476,0.24177360534668,0.248543098568916,0.428842574357986,0.485128581523895,0.42385545372963,0.566254734992981,0.420968681573868,0.409627974033356,0.241539120674133,0.239330947399139,0.238522350788116,0.21966552734375,0.225787356495857,0.192247405648232,0.198164418339729,0.204956501722336,0.206274390220642,0.207029983401299,0.20948238670826,0.214171290397644,0.210783064365387,0.312984944631656
"Kuwait","KWT",0.170835971832275,0.455113381147385,0.752232670783997,-0.146744310855865,0.294286906719208,0.345240026712418,0.253690272569656,0.412733107805252,0.62064391374588,0.501767992973328,0.353407442569733,0.246055126190186,0.243547096848488,0.244249582290649,0.226807355880737,0.231508240103722,0.20011305809021,0.206814810633659,0.212601110339165,0.221277728676796,0.22028312087059,0.238514930009842,0.241320118308067,0.24469156563282,0.291291300828258
"Laos","LAO",0.371830761432648,-0.191821798682213,-0.577913403511047,-0.103369668126106,-1.23235356807709,-0.611157953739166,-0.49144771695137,-0.0852985605597496,-0.176476791501045,0.01727613247931,-0.15804822742939,0.268250793218613,0.260921776294708,0.260776847600937,0.243881538510323,0.242341712117195,0.207291051745415,0.215962037444115,0.221377477049828,0.23054464161396,0.22863906621933,0.247475668787956,0.251161903142929,0.253675937652588,-0.00443668096947173
"Lebanon","LBN",-0.668952643871307,-0.752315282821655,-0.439044535160065,-0.35481521487236,-0.459642589092255,-0.713360965251923,-0.999740839004517,-1.8038626909256,-2.11909532546997,-1.87660884857178,-1.5616968870163,0.251998424530029,0.243547096848488,0.240677565336227,0.221984326839447,0.228019788861275,0.196386188268661,0.202983424067497,0.207795679569244,0.215949967503548,0.215236961841583,0.233014643192291,0.236120238900185,0.239415779709816,-0.367333572357893
"Liberia","LBR",-2.43946290016174,-1.75555086135864,-1.95288050174713,-2.18961954116821,-2.15939283370972,-1.36538577079773,-1.35790872573853,-1.32684123516083,-1.24483954906464,-1.28312230110168,-1.05055463314056,0.272184789180756,0.267576217651367,0.256386488676071,0.221984326839447,0.228019788861275,0.201554611325264,0.202983424067497,0.211597949266434,0.214101612567902,0.214987486600876,0.218319118022919,0.21932752430439,0.215016067028046,-0.632563310364882
"Libya","LBY",-0.988058924674988,-0.809740364551544,-0.294286817312241,-0.0953808054327965,0.120704226195812,0.355680614709854,0.448557078838348,0.358128875494003,0.747057616710663,0.808881163597107,0.831896722316742,0.246055126190186,0.243547096848488,0.24933560192585,0.226807355880737,0.231508240103722,0.20011305809021,0.210538491606712,0.21616667509079,0.224623799324036,0.224222540855408,0.238514930009842,0.241320118308067,0.24469156563282,0.186703499406576
"St. Lucia","LCA",1.03555142879486,0.3500617146492,1.22359979152679,0.36293163895607,1.16978526115417,1.2183393239975,1.00011491775513,0.860106229782104,0.617986261844635,0.640764355659485,0.685753643512726,0.323601871728897,0.320087254047394,0.306695103645325,0.282746523618698,0.297252923250198,0.238057717680931,0.245949938893318,0.248026862740517,0.258104801177979,0.254123270511627,0.278495520353317,0.277125179767609,0.280120998620987,0.532307605569561
"Liechtenstein","LIE",1.16952216625214,1.18287515640259,1.16698145866394,1.28276693820953,1.46513116359711,1.51525795459747,1.38492727279663,1.34965407848358,1.34201574325562,1.33847212791443,1.55316376686096,0.293007612228394,0.282069832086563,0.310344904661179,0.278807580471039,0.293446391820908,0.236860454082489,0.245048046112061,0.254409730434418,0.272625267505646,0.263209521770477,0.254131972789764,0.251161903142929,0.253675937652588,0.759981957574685
"Sri Lanka","LKA",-1.77829897403717,-1.48284018039703,-1.90411269664764,-0.777628898620605,-0.833158433437347,-1.01044058799744,-1.15223681926727,-1.42155075073242,-1.75128364562988,-1.79859554767609,-1.34090304374695,0.246055126190186,0.243547096848488,0.244249582290649,0.221984326839447,0.228019788861275,0.196386188268661,0.202983424067497,0.207795679569244,0.215949967503548,0.215236961841583,0.233014643192291,0.236120238900185,0.239415779709816,-0.513345448921124
"Lesotho","LSO",0.232784986495972,-0.118997246026993,0.0961097478866577,-0.0474211908876896,0.0996745452284813,0.358144611120224,-0.0028113410808146,-0.124705359339714,-0.391314208507538,-0.20475609600544,0.3261559009552,0.283778816461563,0.273786127567291,0.300698131322861,0.246398240327835,0.252466678619385,0.212399378418922,0.221596121788025,0.225992307066917,0.235753208398819,0.233822792768478,0.254131972789764,0.251161903142929,0.253675937652588,0.144521915256822
"Lithuania","LTU",0.524631857872009,0.429658591747284,0.428785473108292,0.893210649490356,1.05018544197083,0.766004860401154,0.779100298881531,0.870995998382568,0.817851543426514,0.746765077114105,0.631581246852875,0.241539120674133,0.239330947399139,0.241997882723808,0.224335819482803,0.229172840714455,0.195739418268204,0.201724588871002,0.20956327021122,0.216736346483231,0.21584390103817,0.232236564159393,0.234502270817757,0.233612805604935,0.452296117320657
"Luxembourg","LUX",1.38130235671997,1.38531887531281,1.60547471046448,1.63791656494141,1.44070816040039,1.31543505191803,1.33164858818054,1.3998988866806,1.48371803760529,1.51193952560425,1.45038175582886,0.259138554334641,0.255335241556168,0.252362549304962,0.232475996017456,0.237678200006485,0.200023159384727,0.206293240189552,0.20956327021122,0.216736346483231,0.21584390103817,0.232236564159393,0.234502270817757,0.233612805604935,0.788731025531888
"Latvia","LVA",0.561403095722198,0.0337703004479408,0.419434159994125,0.94435715675354,1.00164318084717,0.616755247116089,0.814021408557892,0.838368713855743,0.561930537223816,0.203508123755455,0.348279803991318,0.246055126190186,0.243547096848488,0.244249582290649,0.226807355880737,0.229172840714455,0.195739418268204,0.201724588871002,0.20956327021122,0.216736346483231,0.21584390103817,0.232236564159393,0.234502270817757,0.233612805604935,0.386385953985155
NA,"XKX",NA,NA,NA,NA,NA,NA,NA,NA,NA,1.01208281517029,0.430509388446808,0.664816915988922,0.376329958438873,0.345713257789612,0.353697180747986,0.330618232488632,0.218982502818108,0.226195111870766,0.230289086699486,0.23981237411499,0.238550364971161,0.254131972789764,0.251161903142929,0.247811526060104,0.361380172769229
"Macao SAR China","MAC",0.264631718397141,0.274148970842361,0.486361712217331,0.547456383705139,1.12089920043945,1.3520268201828,1.28561401367188,0.973312020301819,0.456923127174377,0.479434996843338,0.605377018451691,0.326683729887009,0.328449696302414,0.340797632932663,0.296924620866776,0.319759637117386,0.258382558822632,0.264421731233597,0.273738324642181,0.295411795377731,0.281393319368362,0.317188113927841,0.328482061624527,0.340675830841064,0.492437293132146
"Morocco","MAR",-0.209069982171059,0.307698369026184,-0.065564900636673,-0.261418521404266,-0.407007366418839,-0.312668710947037,-0.556680738925934,-0.461343467235565,-0.501324236392975,-0.57127320766449,-0.398299634456635,0.246055126190186,0.243547096848488,0.245539262890816,0.221984326839447,0.228019788861275,0.196386188268661,0.202983424067497,0.207795679569244,0.215949967503548,0.215236961841583,0.233014643192291,0.236120238900185,0.239415779709816,-0.0210376630226771
"Monaco","MCO",NA,NA,NA,NA,1.16978526115417,1.11256206035614,1.03005373477936,1.00780272483826,1.037468791008,1.0290766954422,0.977230787277222,0.664816915988922,0.484920412302017,0.420065194368362,0.444717854261398,0.414510190486908,0.382103145122528,0.401143014431,0.392912358045578,0.380785048007965,0.411206960678101,0.392087429761887,0.364147424697876,0.356408417224884,0.643690221011639
"Moldova","MDA",0.0112921837717295,0.389240354299545,-0.428261280059814,-0.156634762883186,-0.131324723362923,-0.219342857599258,-0.401479870080948,-0.369664698839188,-0.0149540305137634,-0.267933160066605,-0.583599746227264,0.272184789180756,0.260473906993866,0.25491926074028,0.22986213862896,0.236392676830292,0.200713470578194,0.207640126347542,0.207795679569244,0.215949967503548,0.215236961841583,0.233014643192291,0.236120238900185,0.239415779709816,0.0348773770189534
"Madagascar","MDG",0.217267140746117,0.19696219265461,0.162798807024956,-0.22530834376812,0.622443974018097,0.245569571852684,-0.0185725726187229,0.185515359044075,0.0896256566047668,-0.469336181879044,-0.733878493309021,0.246055126190186,0.243547096848488,0.244249582290649,0.221984326839447,0.228019788861275,0.196386188268661,0.202983424067497,0.207795679569244,0.215949967503548,0.218907311558723,0.233014643192291,0.236120238900185,0.239415779709816,0.1336465110071
"Maldives","MDV",0.882181823253632,1.11591935157776,1.18071973323822,1.07719624042511,1.03226470947266,0.501932442188263,0.811711966991425,0.758358776569366,0.0831864848732948,-0.164438739418983,-0.229707628488541,0.323601871728897,0.320087254047394,0.306695103645325,0.282746523618698,0.297252923250198,0.238057717680931,0.252857983112335,0.256322026252747,0.267349362373352,0.26254615187645,0.28803214430809,0.285638898611069,0.28867644071579,0.446632898412645
"Mexico","MEX",-0.925459146499634,-0.423062264919281,-0.200209870934486,-0.0583082623779774,-0.11687808483839,-0.214082449674606,-0.445820868015289,-0.636888444423676,-0.729851603507996,-0.804012358188629,-0.686627805233002,0.241539120674133,0.239330947399139,0.238522350788116,0.21966552734375,0.225787356495857,0.192247405648232,0.198164418339729,0.204956501722336,0.206274390220642,0.207029983401299,0.20948238670826,0.214171290397644,0.210783064365387,-0.101385267296185
"Marshall Islands","MHL",NA,NA,NA,NA,1.16978526115417,1.13185334205627,1.0707448720932,1.04072260856628,1.08896553516388,1.01208281517029,1.3850017786026,0.556817054748535,0.484920412302017,0.606473207473755,0.635643184185028,0.59897768497467,0.511646032333374,0.548596620559692,0.570590555667877,0.58095371723175,0.522390902042389,0.399230599403381,0.407375425100327,0.287998110055923,0.730538485944271
"North Macedonia","MKD",-0.480376541614532,-0.712693691253662,-0.614017069339752,-1.0382194519043,-0.988194704055786,-0.851008296012878,-1.15597522258759,-0.736575305461884,-0.426525264978409,-0.29572057723999,-0.298555880784988,0.283778816461563,0.273786127567291,0.26718533039093,0.240249395370483,0.247961595654488,0.207958623766899,0.216902300715446,0.2159673422575,0.228036016225815,0.227101787924767,0.2413479834795,0.245315119624138,0.247811526060104,-0.185602501655618
"Mali","MLI",0.365160435438156,0.426935762166977,0.240109741687775,0.410831212997437,0.257701814174652,0.452396661043167,0.173916295170784,0.414196908473969,0.230479195713997,0.209998890757561,-0.07557762414217,0.246055126190186,0.243547096848488,0.244249582290649,0.226807355880737,0.231508240103722,0.20011305809021,0.206814810633659,0.212601110339165,0.221277728676796,0.22028312087059,0.238514930009842,0.241320118308067,0.239415779709816,0.253277389643093
"Malta","MLT",1.32520198822021,1.42638552188873,1.58620870113373,1.59826338291168,1.547776222229,1.31764233112335,1.38035714626312,1.23125755786896,1.26963186264038,1.27317667007446,1.24936008453369,0.246055126190186,0.243547096848488,0.244249582290649,0.226807355880737,0.231508240103722,0.20011305809021,0.206814810633659,0.212601110339165,0.221277728676796,0.22028312087059,0.238514930009842,0.241320118308067,0.239415779709816,0.757407063618302
"Myanmar (Burma)","MMR",-1.25880205631256,-1.48598551750183,-1.67352259159088,-1.40995764732361,-1.15374350547791,-0.984741389751434,-0.899246156215668,-0.850372433662415,-1.06611335277557,-1.09180378913879,-1.2944188117981,0.272184789180756,0.267576217651367,0.260717630386353,0.233037114143372,0.228019788861275,0.196386188268661,0.202983424067497,0.211121112108231,0.219056755304337,0.218907311558723,0.233014643192291,0.236120238900185,0.239415779709816,-0.422923594092329
"Mongolia","MNG",0.747216463088989,0.352688670158386,0.821868121623993,1.17097854614258,0.963294148445129,0.775293171405792,0.878712356090546,0.646906971931458,0.668377757072449,0.539784848690033,0.609987437725067,0.246055126190186,0.243547096848488,0.244249582290649,0.221984326839447,0.228019788861275,0.196386188268661,0.198164418339729,0.204956501722336,0.211722627282143,0.211090251803398,0.227150216698647,0.229722216725349,0.233612805604935,0.461323734993736
"Montenegro","MNE",NA,NA,NA,NA,NA,NA,NA,0.0475496053695679,0.108533091843128,0.767700612545013,0.817372143268585,0.311296105384827,0.273786127567291,0.26718533039093,0.246398240327835,0.252466678619385,0.212399378418922,0.221596121788025,0.225992307066917,0.235753208398819,0.233822792768478,0.254131972789764,0.251161903142929,0.253675937652588,0.292989503373118
"Mozambique","MOZ",-0.0499914959073067,0.111920341849327,-0.125803381204605,0.188492238521576,0.246098503470421,0.00325646600686014,0.125595733523369,0.520101010799408,0.35761559009552,0.383096486330032,0.625379621982574,0.246055126190186,0.243547096848488,0.244249582290649,0.226807355880737,0.231508240103722,0.20011305809021,0.206814810633659,0.212601110339165,0.2150799036026,0.215680688619614,0.218295738101006,0.223476082086563,0.215016067028046,0.220208582303409
"Mauritania","MRT",0.36849319934845,0.352811932563782,0.345234483480453,0.382046699523926,0.059730738401413,-0.16634014248848,-0.224495947360992,0.240350216627121,-0.279368013143539,-0.643881678581238,-0.882854044437408,0.261115193367004,0.254323482513428,0.254974603652954,0.236767888069153,0.242341712117195,0.207291051745415,0.215962037444115,0.221377477049828,0.23054464161396,0.22863906621933,0.247475668787956,0.251161903142929,0.247811526060104,0.110479737321536
"Martinique","MTQ",0.264631718397141,0.274148970842361,0.486361712217331,0.547456383705139,0.851720035076141,1.25454545021057,1.18966603279114,1.10479998588562,1.08573806285858,0.592086017131805,0.401251554489136,0.370833456516266,0.39340415596962,0.335981905460358,0.301696002483368,0.324702829122543,0.259938985109329,0.274313002824783,0.276124715805054,0.28873285651207,0.280583202838898,0.313929110765457,0.315609365701675,0.322618782520294,0.504619762301445
"Mauritius","MUS",1.08937561511993,0.967956066131592,0.754748404026031,1.11665415763855,1.00941443443298,0.974532723426819,1.02774882316589,0.780889987945557,0.879288077354431,0.890551447868347,0.707766652107239,0.261115193367004,0.254323482513428,0.283599376678467,0.236767888069153,0.242341712117195,0.207291051745415,0.215962037444115,0.221377477049828,0.23054464161396,0.22863906621933,0.247475668787956,0.251161903142929,0.247811526060104,0.555305725584427
"Malawi","MWI",-0.456720739603043,-0.0699411630630493,-0.325264573097229,0.00812013912945986,0.0415767580270767,0.123799182474613,0.106631450355053,0.120091959834099,0.0823792815208435,-0.0610706247389317,0.0536668114364147,0.26473930478096,0.260473906993866,0.25491926074028,0.22986213862896,0.236392676830292,0.200713470578194,0.207640126347542,0.211597949266434,0.220212817192078,0.219544723629951,0.238545432686806,0.236120238900185,0.239415779709816,0.110143596190028
"Malaysia","MYS",0.57122015953064,-0.0381234660744667,0.0926911979913712,0.539594113826752,0.485534876585007,0.34800398349762,0.566449165344238,0.288379698991776,0.193307161331177,0.108542367815971,-0.0416609197854996,0.241539120674133,0.239330947399139,0.238522350788116,0.21966552734375,0.225787356495857,0.192247405648232,0.198164418339729,0.204956501722336,0.211722627282143,0.211090251803398,0.20948238670826,0.214171290397644,0.210783064365387,0.24714173283428
"Namibia","NAM",0.854371190071106,0.50556892156601,-0.250100612640381,0.14875116944313,0.478074342012405,0.664763033390045,0.625976085662842,0.782249569892883,1.01876068115234,1.20101487636566,0.929570853710175,0.246055126190186,0.243547096848488,0.244249582290649,0.226807355880737,0.231508240103722,0.20011305809021,0.206814810633659,0.212601110339165,0.221277728676796,0.22028312087059,0.238514930009842,0.241320118308067,0.239415779709816,0.413812840357423
"Niger","NER",0.0261458475142717,-0.315587520599365,0.124968029558659,-0.12955479323864,0.0421948879957199,-0.505270838737488,-0.486010700464249,-0.227475315332413,-0.459753155708313,-0.670321345329285,-1.15003776550293,0.251998424530029,0.249322861433029,0.24933560192585,0.233037114143372,0.238264307379723,0.205589711666107,0.210538491606712,0.21616667509079,0.224623799324036,0.224222540855408,0.238514930009842,0.241320118308067,0.239415779709816,-0.0303480130775521
"Nigeria","NGA",-1.05690824985504,-0.588243722915649,-1.45532631874084,-1.62632930278778,-1.63558828830719,-1.75441575050354,-1.6665004491806,-2.03407764434814,-2.01405644416809,-1.86071193218231,-1.99455380439758,0.246055126190186,0.243547096848488,0.240677565336227,0.221984326839447,0.228019788861275,0.196386188268661,0.202983424067497,0.207795679569244,0.215949967503548,0.215236961841583,0.233014643192291,0.236120238900185,0.239415779709816,-0.614980213344097
"Nicaragua","NIC",-0.517743170261383,-0.492162376642227,-0.066172294318676,-0.0931836739182472,-0.368299216032028,-0.341314166784286,-0.339232921600342,-0.267819613218307,-0.120370902121067,-0.222542554140091,-0.305793792009354,0.246055126190186,0.243547096848488,0.244249582290649,0.221984326839447,0.228019788861275,0.196386188268661,0.202983424067497,0.211121112108231,0.215949967503548,0.215236961841583,0.233014643192291,0.236120238900185,0.239415779709816,-0.00835626851767302
"Niue","NIU",NA,NA,NA,NA,NA,NA,NA,NA,NA,NA,1.14409899711609,0.723480880260468,0.612967491149902,NA,NA,NA,NA,NA,NA,NA,0.73339056968689,0.478504240512848,0.512416422367096,0.441379100084305,0.663748243025371
"Netherlands","NLD",1.52612578868866,1.59480345249176,1.75868117809296,1.30267989635468,1.16180562973022,1.01623916625977,0.98810088634491,0.902736186981201,0.778468787670135,0.86355197429657,0.945019245147705,0.241539120674133,0.239330947399139,0.238522350788116,0.21966552734375,0.225787356495857,0.192247405648232,0.198164418339729,0.204956501722336,0.211722627282143,0.211090251803398,0.227150216698647,0.229722216725349,0.233612805604935,0.65465516410768
"Norway","NOR",1.45682156085968,1.43966126441956,1.533282995224,1.60834610462189,1.20455622673035,1.19661831855774,1.29527723789215,1.25270569324493,1.14555251598358,1.28543448448181,1.27653253078461,0.241539120674133,0.239330947399139,0.238522350788116,0.21966552734375,0.225787356495857,0.192247405648232,0.198164418339729,0.204956501722336,0.211722627282143,0.211090251803398,0.227150216698647,0.229722216725349,0.233612805604935,0.732012528305252
"Nepal","NPL",-0.0711131766438484,-0.730146408081055,-1.16382563114166,-1.71746289730072,-1.89185237884521,-2.14913845062256,-2.09840488433838,-1.89445018768311,-1.88537847995758,-1.83428740501404,-1.62008118629456,0.261115193367004,0.254323482513428,0.254974603652954,0.231296643614769,0.238348826766014,0.2031569480896,0.211610317230225,0.2159673422575,0.218069717288017,0.218239575624466,0.220461368560791,0.226637542247772,0.221035704016685,-0.586704325862229
"Nauru","NRU",NA,NA,NA,NA,1.16978526115417,1.13185334205627,1.0707448720932,1.04072260856628,1.08896553516388,1.01208281517029,1.3850017786026,0.556817054748535,0.484920412302017,0.606473207473755,0.635643184185028,0.59897768497467,0.511646032333374,0.548596620559692,0.570590555667877,0.58095371723175,0.522390902042389,0.399230599403381,0.407375425100327,0.364535838365555,0.734365372359753
"New Zealand","NZL",1.34199249744415,1.31633019447327,1.36238181591034,1.32036375999451,1.18837487697601,1.50002658367157,1.25225210189819,1.25449228286743,1.24336647987366,1.16264343261719,1.07115530967712,0.241539120674133,0.239330947399139,0.238522350788116,0.21966552734375,0.225787356495857,0.192247405648232,0.198164418339729,0.204956501722336,0.206274390220642,0.207029983401299,0.20948238670826,0.214171290397644,0.210783064365387,0.700888919954499
"Oman","OMN",0.873983323574066,0.854953348636627,1.12142467498779,0.928577423095703,1.06150567531586,1.11596786975861,0.946494877338409,0.841323614120483,0.939814209938049,0.92218691110611,0.826832592487335,0.246055126190186,0.243547096848488,0.244249582290649,0.226807355880737,0.231508240103722,0.20011305809021,0.206814810633659,0.212601110339165,0.224623799324036,0.224222540855408,0.238514930009842,0.241320118308067,0.24469156563282,0.559088910619418
"Pakistan","PAK",-1.12732779979706,-1.12412047386169,-1.10480463504791,-1.63767862319946,-1.54904592037201,-1.58287799358368,-1.75138831138611,-2.02467846870422,-2.43270516395569,-2.5730094909668,-2.644526720047,0.246055126190186,0.243547096848488,0.240677565336227,0.221984326839447,0.228019788861275,0.196386188268661,0.202983424067497,0.207795679569244,0.215949967503548,0.215236961841583,0.233014643192291,0.236120238900185,0.239415779709816,-0.692707367241383
"Panama","PAN",0.123815298080444,0.370574235916138,0.251223832368851,0.345927983522415,0.073229543864727,0.0841383635997772,-0.157522633671761,-0.0679050013422966,-0.0613481253385544,-0.0977801457047462,0.0622795186936855,0.246055126190186,0.243547096848488,0.244249582290649,0.221984326839447,0.228019788861275,0.196386188268661,0.202983424067497,0.207795679569244,0.215949967503548,0.215236961841583,0.233014643192291,0.236120238900185,0.239415779709816,0.160724653086315
"Palau","PLW",NA,NA,NA,NA,1.16978526115417,1.13185334205627,1.0707448720932,1.04072260856628,1.08896553516388,1.01208281517029,1.3850017786026,0.556817054748535,0.484920412302017,0.606473207473755,0.635643184185028,0.59897768497467,0.511646032333374,0.548596620559692,0.570590555667877,0.58095371723175,0.600240409374237,0.590583503246307,0.561300098896027,0.547086775302887,0.764649273455143
"Peru","PER",-1.06168437004089,-0.52083957195282,-0.987529456615448,-0.969909846782684,-1.16210162639618,-1.0273996591568,-0.975715458393097,-0.841553807258606,-0.774885892868042,-0.892661690711975,-1.1800479888916,0.241539120674133,0.239330947399139,0.238522350788116,0.21966552734375,0.225787356495857,0.192247405648232,0.198164418339729,0.204956501722336,0.211722627282143,0.211090251803398,0.227150216698647,0.229722216725349,0.233612805604935,-0.313367400939266
"Philippines","PHL",-0.481185793876648,-0.257059156894684,-1.39048433303833,-0.858753323554993,-1.55980968475342,-1.70588445663452,-1.17878663539886,-1.63867163658142,-1.60488569736481,-1.77923631668091,-1.7287632226944,0.241539120674133,0.239330947399139,0.238522350788116,0.21966552734375,0.225787356495857,0.192247405648232,0.198164418339729,0.204956501722336,0.211722627282143,0.211090251803398,0.227150216698647,0.229722216725349,0.233612805604935,-0.471250354622801
"Papua New Guinea","PNG",-0.775006890296936,-0.106866508722305,-0.207235515117645,-0.550169944763184,-0.559017360210419,-0.54865700006485,-0.921983242034912,-0.869873523712158,-0.747831761837006,-0.61021226644516,-0.7908074259758,0.272184789180756,0.267576217651367,0.260717630386353,0.242201656103134,0.247866421937943,0.210570260882378,0.215748459100723,0.220456972718239,0.229432970285416,0.223940551280975,0.22282338142395,0.223476082086563,0.218813195824623,-0.151327202096581
"Poland","POL",0.83064466714859,0.838597416877747,0.309305250644684,0.743997812271118,0.578085064888,0.153857663273811,0.363082945346832,0.354031831026077,0.682846009731293,0.911096274852753,0.938135385513306,0.241539120674133,0.239330947399139,0.238522350788116,0.21966552734375,0.225787356495857,0.192247405648232,0.198164418339729,0.204956501722336,0.211722627282143,0.211090251803398,0.227150216698647,0.229722216725349,0.233612805604935,0.399049669504166
"Puerto Rico","PRI",0.264631718397141,0.274148970842361,0.259488463401794,0.30235281586647,0.313361704349518,0.557232975959778,0.445573747158051,0.377330452203751,0.409872740507126,0.264064759016037,0.153662070631981,0.314036637544632,0.291736155748367,0.285885632038116,0.258637070655823,0.268644094467163,0.212399378418922,0.221596121788025,0.230289086699486,0.235753208398819,0.25183629989624,0.254131972789764,0.251161903142929,0.253675937652588,0.28964599656562
"North Korea","PRK",-0.505626380443573,-0.419251918792725,-0.0151580581441522,0.18799877166748,0.224566981196404,0.226076111197472,0.0242626424878836,-0.0207497254014015,0.537623465061188,0.524418473243713,-0.0271528363227844,0.282444268465042,0.285606533288956,0.29156631231308,0.262924671173096,0.247866421937943,0.210570260882378,0.215748459100723,0.220456972718239,0.229432970285416,0.229105249047279,0.244456872344017,0.241320118308067,0.24469156563282,0.16429992505194
"Portugal","PRT",1.28603911399841,1.36909055709839,1.39476406574249,1.4370481967926,1.2896888256073,0.969877243041992,1.01664757728577,0.952390611171722,0.821809351444244,0.987546324729919,0.787381768226624,0.241539120674133,0.239330947399139,0.241997882723808,0.21966552734375,0.225787356495857,0.192247405648232,0.198164418339729,0.204956501722336,0.211722627282143,0.211090251803398,0.227150216698647,0.229722216725349,0.233612805604935,0.632886288066705
"Paraguay","PRY",-0.459796816110611,-0.746503591537476,-0.970572590827942,-1.21135127544403,-0.749351561069489,-0.566143751144409,-0.652078151702881,-0.776525020599365,-0.74012291431427,-0.727450251579285,-0.883586049079895,0.246055126190186,0.243547096848488,0.244249582290649,0.226807355880737,0.231508240103722,0.20011305809021,0.206814810633659,0.212601110339165,0.221277728676796,0.22028312087059,0.238514930009842,0.241320118308067,0.239415779709816,-0.229623913144072
"Qatar","QAT",0.361694604158401,1.0588550567627,1.15730142593384,0.831208944320679,1.18648135662079,1.12390494346619,1.0276792049408,0.926921546459198,0.952527701854706,1.11487662792206,1.22328507900238,0.241539120674133,0.239330947399139,0.246941670775414,0.224335819482803,0.229172840714455,0.195739418268204,0.201724588871002,0.20956327021122,0.216736346483231,0.21584390103817,0.232236564159393,0.234502270817757,0.238506376743317,0.578787901128332
"Réunion","REU",NA,NA,NA,NA,NA,0.429376393556595,0.476619094610214,0.703987658023834,0.699514150619507,0.441606163978577,0.401251554489136,0.370833456516266,0.39340415596962,0.411335080862045,0.34492501616478,0.393689393997192,0.29147407412529,0.310120493173599,0.320921510457993,0.352203905582428,0.3233602643013,0.391953766345978,0.419887959957123,0.443832546472549,0.416857717852843
"Romania","ROU",0.597966730594635,0.50010222196579,-0.379039525985718,0.464840322732925,0.320030122995377,0.0593486130237579,0.0856026485562325,0.148430079221725,0.198067933320999,0.180609092116356,0.359366297721863,0.241539120674133,0.239330947399139,0.238522350788116,0.21966552734375,0.225787356495857,0.192247405648232,0.198164418339729,0.204956501722336,0.211722627282143,0.211090251803398,0.227150216698647,0.229722216725349,0.233612805604935,0.225368178449571
"Russia","RUS",-1.17785394191742,-1.08974099159241,-1.39924204349518,-0.724512279033661,-1.19315183162689,-1.51459443569183,-1.2677013874054,-0.908794343471527,-0.863382518291473,-0.749933898448944,-0.969926595687866,0.241539120674133,0.239330947399139,0.238522350788116,0.21966552734375,0.225787356495857,0.192247405648232,0.198164418339729,0.204956501722336,0.211722627282143,0.211090251803398,0.227150216698647,0.229722216725349,0.239415779709816,-0.374146647751331
"Rwanda","RWA",-1.8453323841095,-2.03788757324219,-1.69159471988678,-1.6515132188797,-1.11252212524414,-1.18624520301819,-1.00021243095398,-0.684061944484711,-0.360214412212372,-0.327669590711594,-0.506896436214447,0.293007612228394,0.273786127567291,0.26718533039093,0.236767888069153,0.242341712117195,0.207291051745415,0.215962037444115,0.221377477049828,0.23054464161396,0.22863906621933,0.247475668787956,0.251161903142929,0.247811526060104,-0.385033249855042
"Samoa","WSM",1.32178819179535,1.34391057491302,1.28314232826233,1.09719908237457,1.27192747592926,1.15839719772339,1.13270270824432,1.09850907325745,1.00498068332672,1.09782683849335,0.957884192466736,0.323601871728897,0.320087254047394,0.306695103645325,0.282746523618698,0.297252923250198,0.238057717680931,0.252857983112335,0.256322026252747,0.267349362373352,0.254854470491409,0.254322975873947,0.257272809743881,0.248574525117874,0.680344328905145
"Saudi Arabia","SAU",-0.189457833766937,0.110229097306728,0.227821603417397,0.00242432416416705,0.141017645597458,-0.65463250875473,-0.240614011883736,-0.522423803806305,-0.467305243015289,-0.336524426937103,-0.49253523349762,0.246055126190186,0.243547096848488,0.24933560192585,0.226807355880737,0.231508240103722,0.20011305809021,0.206814810633659,0.20956327021122,0.210902482271194,0.21150878071785,0.213451713323593,0.218028962612152,0.214356601238251,0.0191663628696309
"Sudan","SDN",-2.47953200340271,-2.25996828079224,-2.24417304992676,-1.846431016922,-1.97705578804016,-1.54903697967529,-1.97329592704773,-2.13907742500305,-2.36272478103638,-2.48534822463989,-2.64707374572754,0.251998424530029,0.249322861433029,0.24933560192585,0.233037114143372,0.238264307379723,0.205589711666107,0.210538491606712,0.21616667509079,0.224623799324036,0.224222540855408,0.238514930009842,0.241320118308067,0.239415779709816,-0.872556952759624
"Senegal","SEN",-0.601866662502289,-0.988236308097839,-0.58789050579071,-0.273943573236465,-0.250177979469299,0.0295107942074537,-0.204009935259819,-0.264316946268082,-0.244918704032898,-0.148591339588165,-0.205200999975204,0.246055126190186,0.243547096848488,0.240677565336227,0.221984326839447,0.228019788861275,0.196386188268661,0.202983424067497,0.207795679569244,0.215949967503548,0.215236961841583,0.233014643192291,0.236120238900185,0.239415779709816,-0.0338523072035362
"Singapore","SGP",1.115647315979,0.930101573467255,1.14111149311066,1.2535662651062,0.876536011695862,1.0929559469223,1.1533499956131,1.24849283695221,1.17421102523804,1.34467613697052,1.17959117889404,0.241539120674133,0.239330947399139,0.238522350788116,0.21966552734375,0.225787356495857,0.192247405648232,0.198164418339729,0.204956501722336,0.211722627282143,0.211090251803398,0.227150216698647,0.229722216725349,0.233612805604935,0.640989646936456
"Solomon Islands","SLB",1.03555142879486,1.11396324634552,-0.732952654361725,-0.43754518032074,0.359491646289825,0.018688952550292,-0.0171830672770739,0.0672086626291275,0.230097040534019,0.206393554806709,0.215018734335899,0.323601871728897,0.320087254047394,0.360775291919708,0.317384898662567,0.347427368164062,0.261565506458282,0.280070930719376,0.256322026252747,0.267349362373352,0.254854470491409,0.254322975873947,0.257272809743881,0.248574525117874,0.242014235661676
"Sierra Leone","SLE",-1.69709753990173,-2.17320108413696,-1.86868572235107,-0.691395998001099,-1.08121025562286,-0.514731526374817,-0.481067776679993,-0.302883803844452,-0.0615781955420971,-0.239808902144432,-0.289030253887177,0.272184789180756,0.267576217651367,0.260717630386353,0.221984326839447,0.228019788861275,0.196386188268661,0.202983424067497,0.211597949266434,0.220212817192078,0.219544723629951,0.238545432686806,0.236120238900185,0.239415779709816,-0.26605840632692
"El Salvador","SLV",-0.215370371937752,0.0906790643930435,0.329205334186554,0.293994128704071,-0.180753871798515,-0.0691009759902954,-0.0337608754634857,-0.168158024549484,-0.00727073149755597,0.0393931120634079,-0.00711627723649144,0.26473930478096,0.260473906993866,0.250866293907166,0.221984326839447,0.228019788861275,0.196386188268661,0.202983424067497,0.207795679569244,0.215949967503548,0.215236961841583,0.233014643192291,0.236120238900185,0.239415779709816,0.126863625637876
"San Marino","SMR",NA,NA,NA,NA,1.16978526115417,1.13185334205627,1.0707448720932,1.04072260856628,1.08896553516388,1.01208281517029,1.3850017786026,0.556817054748535,0.484920412302017,0.606473207473755,0.635643184185028,0.59897768497467,0.511646032333374,0.548596620559692,0.570590555667877,0.58095371723175,0.600240409374237,0.392087429761887,0.364147424697876,0.356408417224884,0.735332918167114
"Somalia","SOM",-2.50936651229858,-2.14295434951782,-1.94878721237183,-2.36895203590393,-2.57482099533081,-2.87853956222534,-2.70559000968933,-2.74635028839111,-3.22849702835083,-3.28051733970642,-3.31295108795166,0.282444268465042,0.267576217651367,0.260717630386353,0.233037114143372,0.238264307379723,0.205589711666107,0.210538491606712,0.21616667509079,0.224623799324036,0.224222540855408,0.238514930009842,0.241320118308067,0.24469156563282,-1.10873412713408
"São Tomé & Príncipe","STP",1.05037176609039,1.08426582813263,1.15119981765747,0.555834174156189,0.25944972038269,0.572325527667999,0.575508892536163,0.347574234008789,0.394139468669891,0.175346195697784,0.146619737148285,0.293007612228394,0.282069832086563,0.310344904661179,0.278807580471039,0.293446391820908,0.236860454082489,0.245048046112061,0.230289086699486,0.23981237411499,0.238550364971161,0.254131972789764,0.251161903142929,0.253675937652588,0.40499340929091
"Suriname","SUR",0.440209209918976,0.599269092082977,0.212451234459877,0.492683351039886,0.483302503824234,0.30226343870163,0.233044505119324,-0.0139150014147162,-0.0173227712512016,0.0996380820870399,0.147267401218414,0.26473930478096,0.260473906993866,0.25491926074028,0.235229834914207,0.240286439657211,0.204697266221046,0.211409375071526,0.215112432837486,0.223510086536407,0.223443955183029,0.238545432686806,0.236120238900185,0.239415779709816,0.251116431667469
"Slovakia","SVK",0.878931701183319,1.18025457859039,0.663586676120758,0.940030038356781,0.947933495044708,0.593536019325256,0.898072719573975,0.784178674221039,1.03668713569641,1.0821361541748,0.920496821403503,0.241539120674133,0.239330947399139,0.241997882723808,0.224335819482803,0.229172840714455,0.195739418268204,0.201724588871002,0.20956327021122,0.216736346483231,0.21584390103817,0.232236564159393,0.234502270817757,0.233612805604935,0.535090824589133
"Slovenia","SVN",1.31172633171082,1.24313056468964,0.886789321899414,1.30383324623108,1.18649446964264,1.08161342144012,1.09281122684479,1.08572900295258,1.0986293554306,1.14937436580658,0.936905801296234,0.241539120674133,0.239330947399139,0.246941670775414,0.21966552734375,0.225787356495857,0.192247405648232,0.198164418339729,0.204956501722336,0.211722627282143,0.211090251803398,0.227150216698647,0.229722216725349,0.233612805604935,0.635790340602398
"Sweden","SWE",1.45682156085968,1.39918959140778,1.39177203178406,1.47525751590729,1.34161329269409,1.36222684383392,1.29990482330322,1.29393398761749,1.27147829532623,1.12833654880524,1.08463823795319,0.241539120674133,0.239330947399139,0.238522350788116,0.21966552734375,0.225787356495857,0.192247405648232,0.198164418339729,0.204956501722336,0.211722627282143,0.211090251803398,0.227150216698647,0.229722216725349,0.233612805604935,0.724111853167415
"Eswatini","SWZ",-0.206821382045746,-0.00500163901597261,0.0375185273587704,0.126366227865219,0.0662459284067154,-0.0046601896174252,-0.39314877986908,-0.270870000123978,0.0480266362428665,-0.0773959755897522,-0.0147166308015585,0.293007612228394,0.273786127567291,0.26718533039093,0.246398240327835,0.252466678619385,0.212399378418922,0.221596121788025,0.230289086699486,0.235753208398819,0.233822792768478,0.254131972789764,0.251161903142929,0.253675937652588,0.105467379733454
"Seychelles","SYC",1.05037176609039,1.08426582813263,1.28314232826233,0.903408944606781,0.645857214927673,0.655790030956268,0.931847214698792,0.912748575210571,0.787657201290131,0.7489093542099,0.598137140274048,0.293007612228394,0.282069832086563,0.273884326219559,0.246398240327835,0.252466678619385,0.212399378418922,0.221596121788025,0.230289086699486,0.235753208398819,0.233822792768478,0.254131972789764,0.251161903142929,0.253675937652588,0.535116362075011
"Syria","SYR",-0.347959876060486,-0.0441065803170204,-0.180450946092606,0.277536004781723,0.0636451989412308,-0.285746335983276,-0.461608588695526,-0.278217822313309,-0.339876115322113,-0.339036047458649,-0.509100556373596,0.246055126190186,0.243547096848488,0.244249582290649,0.233037114143372,0.238264307379723,0.205589711666107,0.210538491606712,0.220456972718239,0.229432970285416,0.229105249047279,0.244456872344017,0.241320118308067,0.24469156563282,0.0244093130653103
"Chad","TCD",-0.99860155582428,-1.30643367767334,-1.13475406169891,-1.55961883068085,-1.37243020534515,-1.53945684432983,-1.44223713874817,-1.83175504207611,-1.86808049678802,-1.96519660949707,-1.72622966766357,0.261115193367004,0.254323482513428,0.254974603652954,0.236767888069153,0.242341712117195,0.207291051745415,0.215962037444115,0.221377477049828,0.23054464161396,0.22863906621933,0.247475668787956,0.251161903142929,0.253675937652588,-0.568297644456228
"Togo","TGO",-0.376152634620667,-0.615864932537079,-0.290849715471268,0.0573869608342648,-0.185996636748314,-0.314870864152908,-1.44021821022034,-0.527322232723236,-0.341404855251312,-0.168963000178337,-0.165575549006462,0.251998424530029,0.249322861433029,0.24933560192585,0.233037114143372,0.238264307379723,0.205589711666107,0.210538491606712,0.21616667509079,0.224623799324036,0.224222540855408,0.238514930009842,0.241320118308067,0.239415779709816,-0.0561450547538698
"Thailand","THA",0.466799110174179,0.638839483261108,0.454958707094193,0.506276667118073,-0.145084381103516,-0.717405676841736,-0.870126605033875,-1.13020014762878,-1.11284792423248,-1.27209329605103,-1.42447113990784,0.241539120674133,0.239330947399139,0.238522350788116,0.21966552734375,0.225787356495857,0.192247405648232,0.198164418339729,0.204956501722336,0.211722627282143,0.211090251803398,0.227150216698647,0.229722216725349,0.233612805604935,-0.0721601440260808
"Tajikistan","TJK",-2.11674880981445,-1.84154975414276,-1.64776349067688,-0.982307970523834,-1.09949171543121,-1.30745339393616,-1.39246213436127,-1.3861448764801,-0.752052187919617,-0.830599308013916,-1.02539455890656,0.283778816461563,0.273786127567291,0.26718533039093,0.246398240327835,0.261302709579468,0.212399378418922,0.221596121788025,0.221377477049828,0.234336346387863,0.233053222298622,0.247475668787956,0.251161903142929,0.253675937652588,-0.465601705014706
"Turkmenistan","TKM",0.449250608682632,0.197645246982574,0.0084470622241497,0.0704177469015121,0.0532155409455299,-0.115211933851242,0.0727133899927139,-0.244654402136803,0.277233392000198,0.537688016891479,0.485472977161407,0.293007612228394,0.282069832086563,0.273884326219559,0.243881538510323,0.250124245882034,0.213396906852722,0.220212399959564,0.225411683320999,0.234336346387863,0.233053222298622,0.247475668787956,0.251161903142929,0.253675937652588,0.208912886213511
"Timor-Leste","TLS",NA,NA,0.440978795289993,-0.486890375614166,-0.286732971668243,-0.156887859106064,-0.707215547561646,-1.15649831295013,-1.10267806053162,-0.798321664333344,-0.565601110458374,0.283778816461563,0.273786127567291,0.26718533039093,0.246398240327835,0.252466678619385,0.212399378418922,0.226195111870766,0.230289086699486,0.23981237411499,0.238550364971161,0.254131972789764,0.251161903142929,0.253675937652588,-0.0722734447229992
"Tonga","TON",NA,NA,NA,NA,0.629589557647705,0.817679941654205,0.677347898483276,0.46780064702034,0.280977129936218,0.281706720590591,0.215018734335899,0.323601871728897,0.320087254047394,0.306695103645325,0.282746523618698,0.297252923250198,0.238057717680931,0.252857983112335,0.256322026252747,0.267349362373352,0.254854470491409,0.254322975873947,0.257272809743881,0.248574525117874,0.346505808830261
"Trinidad & Tobago","TTO",0.273877173662186,0.412275731563568,0.153456091880798,-0.0942921563982964,-0.250032126903534,-0.0683272704482079,-0.121956370770931,-0.237762182950974,-0.188574343919754,-0.117300540208817,-0.14176744222641,0.26473930478096,0.260473906993866,0.25491926074028,0.235229834914207,0.240286439657211,0.204697266221046,0.207640126347542,0.211597949266434,0.220212817192078,0.219544723629951,0.238545432686806,0.236120238900185,0.239415779709816,0.11054248518
"Tunisia","TUN",0.262547045946121,0.263467073440552,0.321114897727966,0.154225796461105,0.317870795726776,0.148958027362823,0.0242274515330791,0.20851244032383,0.158262476325035,0.0998212322592735,0.0596117079257965,0.246055126190186,0.243547096848488,0.244249582290649,0.227814823389053,0.228019788861275,0.196386188268661,0.202983424067497,0.207795679569244,0.215949967503548,0.215236961841583,0.233014643192291,0.236120238900185,0.239415779709816,0.206467010236035
"Turkey","TUR",-1.25874590873718,-1.23111176490784,-0.80017364025116,-0.803475081920624,-0.766690611839294,-0.833764553070068,-0.601551175117493,-0.590213000774384,-0.819362878799438,-0.823874354362488,-1.03079056739807,0.241539120674133,0.239330947399139,0.238522350788116,0.21966552734375,0.225787356495857,0.192247405648232,0.198164418339729,0.204956501722336,0.214648053050041,0.214549139142036,0.227150216698647,0.229722216725349,0.233612805604935,-0.278327394897739
"Tuvalu","TUV",NA,NA,NA,NA,1.16978526115417,1.27009546756744,1.38492727279663,1.34965407848358,1.34201574325562,1.33847212791443,1.4026106595993,0.323601871728897,0.320087254047394,0.360775291919708,0.317384898662567,0.347427368164062,0.261565506458282,0.280070930719376,0.290933132171631,0.315330505371094,0.29657855629921,0.34470671415329,0.356027454137802,0.292944461107254,0.668249727785587
"Taiwan","TWN",1.056969165802,0.957362711429596,0.537106692790985,0.69852614402771,0.637641310691833,0.612769246101379,0.671792984008789,0.675702273845673,0.552529633045197,0.841073274612427,0.569273054599762,0.248622685670853,0.239330947399139,0.241997882723808,0.224335819482803,0.229172840714455,0.195739418268204,0.201724588871002,0.20956327021122,0.216736346483231,0.21584390103817,0.213451713323593,0.218028962612152,0.214356601238251,0.444985477874676
"Tanzania","TZA",-0.626190364360809,-0.408068776130676,-0.701925754547119,-0.253289312124252,-0.855547189712524,-0.671642243862152,-0.583453714847565,-0.357518166303635,-0.38706237077713,-0.228933870792389,0.0891812443733215,0.246055126190186,0.243547096848488,0.244249582290649,0.221984326839447,0.228019788861275,0.196386188268661,0.202983424067497,0.207795679569244,0.215949967503548,0.215236961841583,0.233014643192291,0.236120238900185,0.239415779709816,-0.0855704881250858
"Uganda","UGA",-1.53094363212585,-1.1040164232254,-1.24837958812714,-1.41743767261505,-1.56096339225769,-1.3047730922699,-1.41722476482391,-1.14034521579742,-0.916478335857391,-0.875740170478821,-0.991805791854858,0.246055126190186,0.243547096848488,0.240677565336227,0.221984326839447,0.228019788861275,0.196386188268661,0.202983424067497,0.207795679569244,0.215949967503548,0.215236961841583,0.233014643192291,0.236120238900185,0.239415779709816,-0.440871720512708
"Ukraine","UKR",-0.152148813009262,-0.120933815836906,-0.409486442804337,-0.293485134840012,-0.363617956638336,-0.471536189317703,-0.28536656498909,-0.0368776172399521,0.172825917601585,0.0425143949687481,-0.302319407463074,0.241539120674133,0.239330947399139,0.238522350788116,0.21966552734375,0.225787356495857,0.192247405648232,0.198164418339729,0.204956501722336,0.211722627282143,0.211090251803398,0.227150216698647,0.229722216725349,0.239415779709816,0.0274534621275961
"Uruguay","URY",0.623442530632019,0.765376150608063,0.929349541664124,0.838327348232269,0.711256563663483,0.590961158275604,0.777662575244904,0.898599565029144,0.835530936717987,0.845082819461823,0.789260983467102,0.246055126190186,0.243547096848488,0.244249582290649,0.221984326839447,0.228019788861275,0.196386188268661,0.202983424067497,0.207795679569244,0.215949967503548,0.215236961841583,0.233014643192291,0.236120238900185,0.239415779709816,0.480650374044975
"United States","USA",0.935005784034729,0.879612982273102,1.08280909061432,0.285476922988892,0.0804403498768806,-0.233039826154709,-0.0605432577431202,0.49083548784256,0.374478042125702,0.582659542560577,0.447313606739044,0.241539120674133,0.239330947399139,0.238522350788116,0.21966552734375,0.225787356495857,0.192247405648232,0.198164418339729,0.204956501722336,0.206274390220642,0.207029983401299,0.20948238670826,0.214171290397644,0.210783064365387,0.319708477860938
"Uzbekistan","UZB",-0.54373174905777,-0.683049440383911,-1.30195045471191,-1.0568835735321,-1.29919517040253,-1.45551669597626,-1.95789563655853,-1.78465950489044,-1.36203336715698,-1.20710647106171,-0.950552523136139,0.268250793218613,0.260921776294708,0.260776847600937,0.237914696335793,0.245741248130798,0.208894610404968,0.215604156255722,0.219707995653152,0.228036016225815,0.227101787924767,0.2413479834795,0.245315119624138,0.239415779709816,-0.437647740667065
"St. Vincent & Grenadines","VCT",1.03555142879486,1.11396324634552,1.22359979152679,0.36293163895607,0.764638483524323,1.02682399749756,1.14758777618408,1.05912363529205,0.788463771343231,0.800574362277985,0.728931725025177,0.323601871728897,0.320087254047394,0.306695103645325,0.282746523618698,0.297252923250198,0.238057717680931,0.245949938893318,0.248026862740517,0.258104801177979,0.254123270511627,0.278495520353317,0.277125179767609,0.280120998620987,0.569274075950185
"Venezuela","VEN",-0.584048211574554,-0.537716507911682,-0.758916974067688,-1.31789720058441,-1.28644466400146,-1.3915855884552,-1.24433243274689,-1.25286757946014,-1.2296701669693,-1.31243884563446,-1.27778947353363,0.241539120674133,0.239330947399139,0.238522350788116,0.21966552734375,0.225787356495857,0.192247405648232,0.198164418339729,0.204956501722336,0.206274390220642,0.207029983401299,0.20948238670826,0.214171290397644,0.210783064365387,-0.391073037559787
"U.S. Virgin Islands","VIR",NA,NA,NA,NA,NA,0.839443206787109,0.442666381597519,0.508818447589874,0.483246594667435,0.500850796699524,-0.143221497535706,0.370833456516266,0.349873960018158,0.335981905460358,0.301696002483368,0.324702829122543,0.259938985109329,0.274313002824783,0.276124715805054,0.28873285651207,0.280583202838898,0.313929110765457,0.315609365701675,0.322618782520294,0.349828531867579
"Vietnam","VNM",0.525695502758026,0.319004893302917,0.408773571252823,0.353681147098541,0.126424372196198,0.150153517723083,0.484037667512894,0.405120253562927,0.251871973276138,0.165260821580887,0.271775960922241,0.246055126190186,0.243547096848488,0.240677565336227,0.221984326839447,0.228019788861275,0.196386188268661,0.202983424067497,0.207795679569244,0.210177719593048,0.210937574505806,0.214055374264717,0.21932752430439,0.215016067028046,0.263281797369321
"Vanuatu","VUT",1.03555142879486,1.11396324634552,1.22359979152679,1.16340851783752,0.764638483524323,0.624410927295685,1.38492727279663,1.34965407848358,1.23301076889038,1.18549370765686,1.22989845275879,0.323601871728897,0.320087254047394,0.360775291919708,0.317384898662567,0.347427368164062,0.261565506458282,0.280070930719376,0.290933132171631,0.315330505371094,0.285622775554657,0.290828615427017,0.305126041173935,0.292944461107254,0.679177305350701
"Palestinian Territories","PSE",-1.40572607517242,-1.3539137840271,-1.57441258430481,-1.74340748786926,-1.26578211784363,-1.16626405715942,-1.54093611240387,-1.7702112197876,-1.87161386013031,-1.99042999744415,-2.04333114624023,0.30592405796051,0.301820993423462,0.273884326219559,0.254446119070053,0.261302709579468,0.218982502818108,0.226195111870766,0.230289086699486,0.23981237411499,0.238550364971161,0.254131972789764,0.251161903142929,0.253675937652588,-0.600660457586249
"Jersey","JEY",NA,NA,NA,NA,NA,NA,NA,NA,NA,NA,NA,NA,NA,0.523714542388916,0.507004380226135,0.483200490474701,0.488981187343597,0.452847242355347,0.466132819652557,0.478647202253342,0.497783571481705,0.477235734462738,0.468672186136246,0.471998393535614,0.483292522755536
"Yemen","YEM",-1.31153786182404,-1.19284749031067,-1.14544129371643,-1.30688047409058,-1.48176205158234,-1.55118668079376,-1.43667340278625,-1.34531164169312,-1.59425187110901,-2.01279425621033,-2.32902073860168,0.251998424530029,0.249322861433029,0.244249582290649,0.235229834914207,0.240286439657211,0.204697266221046,0.215748459100723,0.216678589582443,0.225870758295059,0.224907666444778,0.244456872344017,0.241320118308067,0.24469156563282,-0.569510388498505
"Serbia","SRB",-1.03471982479095,-2.14244866371155,-1.64359843730927,-0.512546002864838,-0.582542061805725,-0.507584154605865,-0.762413561344147,-0.53756844997406,-0.591357946395874,-0.542712986469269,-0.477358549833298,0.246055126190186,0.243547096848488,0.244249582290649,0.221984326839447,0.228019788861275,0.196386188268661,0.202983424067497,0.207795679569244,0.215949967503548,0.215236961841583,0.233014643192291,0.236120238900185,0.239415779709816,-0.266837159792582
"South Africa","ZAF",-0.379187554121017,-0.546053230762482,-0.227864950895309,-0.254789859056473,-0.312842577695847,-0.131729558110237,-0.162092119455338,0.0470300763845444,0.215346544981003,0.049528993666172,-0.114492610096931,0.241539120674133,0.239330947399139,0.238522350788116,0.21966552734375,0.225787356495857,0.192247405648232,0.198164418339729,0.204956501722336,0.211722627282143,0.211090251803398,0.227150216698647,0.229722216725349,0.233612805604935,0.0440152042234937
"Congo - Kinshasa","COD",-2.68281292915344,-2.84785175323486,-2.47423815727234,-1.97592794895172,-2.02786993980408,-2.38776421546936,-2.12856149673462,-2.24673223495483,-2.1784999370575,-2.00307631492615,-2.00098276138306,0.251998424530029,0.249322861433029,0.24933560192585,0.233037114143372,0.238264307379723,0.205589711666107,0.210538491606712,0.216678589582443,0.219290435314178,0.220015704631805,0.22282338142395,0.223476082086563,0.215016067028046,-0.916622121507923
"Zambia","ZMB",-0.159948900341988,0.21886819601059,0.0357203297317028,-0.274405479431152,0.218379899859428,0.190814405679703,0.108463242650032,0.363792210817337,0.363629281520844,0.472572863101959,0.569586157798767,0.246055126190186,0.243547096848488,0.244249582290649,0.221984326839447,0.228019788861275,0.196386188268661,0.202983424067497,0.211597949266434,0.220212817192078,0.219544723629951,0.238545432686806,0.236120238900185,0.239415779709816,0.210672278422862
"Zimbabwe","ZWE",-0.466122418642044,-0.740443408489227,-1.31881785392761,-1.51587021350861,-1.08758056163788,-1.20470404624939,-1.26764357089996,-0.931996047496796,-1.1103447675705,-1.21233808994293,-1.16718089580536,0.246055126190186,0.243547096848488,0.244249582290649,0.221984326839447,0.228019788861275,0.196386188268661,0.202983424067497,0.207795679569244,0.215949967503548,0.215236961841583,0.233014643192291,0.236120238900185,0.239415779709816,-0.37884512792031
